Workbook

Sheet Veda
G1: 1-3
D2: ="~Inputcell: "&_xlfn.TEXTJOIN(",",TRUE,G1:DM1) -> ~Inputcell: 1-3
D3: 4
D5: =VLOOKUP(D3,$C$9:$E$999,2,FALSE) -> ts_012 | E5: =VLOOKUP(D3,$C$9:$E$999,3,FALSE) -> nz
B7: ~Scenmap
A8: priority | B8: scen | C8: case_no | D8: timeslice | E8: climate
A9: 5 | B9: =VLOOKUP(E9,$S$9:$T$15,2,FALSE)&"."&VLOOKUP(D9,$P$9:$Q$24,2,FALSE) -> 1tui.j12 | C9: 1 | D9: ts_012 | E9: tui | G9: Limit warming to 1.5°C (>50%) with no or limited overshoot | O9: 1 | P9: ts_annual | Q9: kAnn | R9: 1 | S9: kea | T9: 2kea
A10: 5 | B10: =VLOOKUP(E10,$S$9:$T$15,2,FALSE)&"."&VLOOKUP(D10,$P$9:$Q$24,2,FALSE) -> 2kea.j12 | C10: =C9+1 -> 2 | D10: ts_012 | E10: kea | G10: Limit warming to 1.5°C (>67%) with high overshoot | O10: 2 | P10: ts_12t | Q10: k12 | R10: 1 | S10: tui | T10: 1tui
A11: 5 | B11: =VLOOKUP(E11,$S$9:$T$15,2,FALSE)&"."&VLOOKUP(D11,$P$9:$Q$24,2,FALSE) -> 0bas.j12 | C11: =C10+1 -> 3 | D11: ts_012 | E11: bas | G11: Limit warming to 2°C (>67%) with higher action post-2030 | O11: 3 | P11: ts_012 | Q11: j12 | R11: 1 | S11: bas | T11: 0bas
A12: 5 | B12: =VLOOKUP(E12,$S$9:$T$15,2,FALSE)&"."&VLOOKUP(D12,$P$9:$Q$24,2,FALSE) -> 3nz.j12 | C12: =C11+1 -> 4 | D12: ts_012 | E12: nz | G12: Limit warming to 2°C (>50%) with immediate action | O12: 4 | P12: ts_024 | Q12: i24 | R12: 1 | S12: nz | T12: 3nz
A13: 5 | B13: =VLOOKUP(E13,$S$9:$T$15,2,FALSE)&"."&VLOOKUP(D13,$P$9:$Q$24,2,FALSE) -> a 3 deg.kAnn | C13: =C12+1 -> 5 | D13: =VLOOKUP(R13,$O$9:$P$22,2,FALSE) -> ts_annual | E13: C7 | G13: Likely above 3°C warming with limited mitigation | O13: 5 | P13: ts_048 | Q13: h48 | R13: 1 | S13: C7 | T13: a 3 deg
A14: 5 | B14: =VLOOKUP(E14,$S$9:$T$15,2,FALSE)&"."&VLOOKUP(D14,$P$9:$Q$24,2,FALSE) -> 1tui.k12 | C14: =C13+1 -> 6 | D14: =VLOOKUP(R14,$O$9:$P$22,2,FALSE) -> ts_12t | E14: =E9 -> tui | O14: 6 | P14: ts_064 | Q14: g64 | R14: =R9+1 -> 2
A15: 5 | B15: =VLOOKUP(E15,$S$9:$T$15,2,FALSE)&"."&VLOOKUP(D15,$P$9:$Q$24,2,FALSE) -> 2kea.k12 | C15: =C14+1 -> 7 | D15: =VLOOKUP(R15,$O$9:$P$22,2,FALSE) -> ts_12t | E15: =E10 -> kea | O15: 7 | P15: ts_096P50 | Q15: f96p50 | R15: =R10+1 -> 2
A16: 5 | B16: =VLOOKUP(E16,$S$9:$T$15,2,FALSE)&"."&VLOOKUP(D16,$P$9:$Q$24,2,FALSE) -> 0bas.k12 | C16: =C15+1 -> 8 | D16: =VLOOKUP(R16,$O$9:$P$22,2,FALSE) -> ts_12t | E16: =E11 -> bas | O16: 8 | P16: ts_096P10 | Q16: f96p10 | R16: =R11+1 -> 2
A17: 5 | B17: =VLOOKUP(E17,$S$9:$T$15,2,FALSE)&"."&VLOOKUP(D17,$P$9:$Q$24,2,FALSE) -> 3nz.k12 | C17: =C16+1 -> 9 | D17: =VLOOKUP(R17,$O$9:$P$22,2,FALSE) -> ts_12t | E17: =E12 -> nz | O17: 9 | P17: ts_096P90 | Q17: f96p90 | R17: =R12+1 -> 2
A18: 5 | B18: =VLOOKUP(E18,$S$9:$T$15,2,FALSE)&"."&VLOOKUP(D18,$P$9:$Q$24,2,FALSE) -> a 3 deg.k12 | C18: =C17+1 -> 10 | D18: =VLOOKUP(R18,$O$9:$P$22,2,FALSE) -> ts_12t | E18: =E13 -> C7 | O18: 10 | P18: s1p1v1_d | Q18: e3d | R18: =R13+1 -> 2
A19: 5 | B19: =VLOOKUP(E19,$S$9:$T$15,2,FALSE)&"."&VLOOKUP(D19,$P$9:$Q$24,2,FALSE) -> 1tui.j12 | C19: =C18+1 -> 11 | D19: =VLOOKUP(R19,$O$9:$P$22,2,FALSE) -> ts_012 | E19: =E14 -> tui | O19: 11 | P19: s3p3v3_d | Q19: d9d | R19: =R14+1 -> 3
A20: 5 | B20: =VLOOKUP(E20,$S$9:$T$15,2,FALSE)&"."&VLOOKUP(D20,$P$9:$Q$24,2,FALSE) -> 2kea.j12 | C20: =C19+1 -> 12 | D20: =VLOOKUP(R20,$O$9:$P$22,2,FALSE) -> ts_012 | E20: =E15 -> kea | O20: 12 | P20: s5p5v5_d | Q20: c15d | R20: =R15+1 -> 3
A21: 5 | B21: =VLOOKUP(E21,$S$9:$T$15,2,FALSE)&"."&VLOOKUP(D21,$P$9:$Q$24,2,FALSE) -> 0bas.j12 | C21: =C20+1 -> 13 | D21: =VLOOKUP(R21,$O$9:$P$22,2,FALSE) -> ts_012 | E21: =E16 -> bas | O21: 13 | P21: s2_w | Q21: b2w | R21: =R16+1 -> 3
A22: 5 | B22: =VLOOKUP(E22,$S$9:$T$15,2,FALSE)&"."&VLOOKUP(D22,$P$9:$Q$24,2,FALSE) -> 3nz.j12 | C22: =C21+1 -> 14 | D22: =VLOOKUP(R22,$O$9:$P$22,2,FALSE) -> ts_012 | E22: =E17 -> nz | O22: 14 | P22: s2_w_p2_d | Q22: a2w2d | R22: =R17+1 -> 3
A23: 5 | B23: =VLOOKUP(E23,$S$9:$T$15,2,FALSE)&"."&VLOOKUP(D23,$P$9:$Q$24,2,FALSE) -> a 3 deg.j12 | C23: =C22+1 -> 15 | D23: =VLOOKUP(R23,$O$9:$P$22,2,FALSE) -> ts_012 | E23: =E18 -> C7 | R23: =R18+1 -> 3
A24: 5 | B24: =VLOOKUP(E24,$S$9:$T$15,2,FALSE)&"."&VLOOKUP(D24,$P$9:$Q$24,2,FALSE) -> 1tui.i24 | C24: =C23+1 -> 16 | D24: =VLOOKUP(R24,$O$9:$P$22,2,FALSE) -> ts_024 | E24: =E19 -> tui | R24: =R19+1 -> 4
A25: 5 | B25: =VLOOKUP(E25,$S$9:$T$15,2,FALSE)&"."&VLOOKUP(D25,$P$9:$Q$24,2,FALSE) -> 2kea.i24 | C25: =C24+1 -> 17 | D25: =VLOOKUP(R25,$O$9:$P$22,2,FALSE) -> ts_024 | E25: =E20 -> kea | R25: =R20+1 -> 4
A26: 5 | B26: =VLOOKUP(E26,$S$9:$T$15,2,FALSE)&"."&VLOOKUP(D26,$P$9:$Q$24,2,FALSE) -> 0bas.i24 | C26: =C25+1 -> 18 | D26: =VLOOKUP(R26,$O$9:$P$22,2,FALSE) -> ts_024 | E26: =E21 -> bas | R26: =R21+1 -> 4
A27: 5 | B27: =VLOOKUP(E27,$S$9:$T$15,2,FALSE)&"."&VLOOKUP(D27,$P$9:$Q$24,2,FALSE) -> 3nz.i24 | C27: =C26+1 -> 19 | D27: =VLOOKUP(R27,$O$9:$P$22,2,FALSE) -> ts_024 | E27: =E22 -> nz | R27: =R22+1 -> 4
A28: 5 | B28: =VLOOKUP(E28,$S$9:$T$15,2,FALSE)&"."&VLOOKUP(D28,$P$9:$Q$24,2,FALSE) -> a 3 deg.i24 | C28: =C27+1 -> 20 | D28: =VLOOKUP(R28,$O$9:$P$22,2,FALSE) -> ts_024 | E28: =E23 -> C7 | R28: =R23+1 -> 4
A29: 5 | B29: =VLOOKUP(E29,$S$9:$T$15,2,FALSE)&"."&VLOOKUP(D29,$P$9:$Q$24,2,FALSE) -> 1tui.h48 | C29: =C28+1 -> 21 | D29: =VLOOKUP(R29,$O$9:$P$22,2,FALSE) -> ts_048 | E29: =E24 -> tui | R29: =R24+1 -> 5
A30: 5 | B30: =VLOOKUP(E30,$S$9:$T$15,2,FALSE)&"."&VLOOKUP(D30,$P$9:$Q$24,2,FALSE) -> 2kea.h48 | C30: =C29+1 -> 22 | D30: =VLOOKUP(R30,$O$9:$P$22,2,FALSE) -> ts_048 | E30: =E25 -> kea | R30: =R25+1 -> 5
A31: 5 | B31: =VLOOKUP(E31,$S$9:$T$15,2,FALSE)&"."&VLOOKUP(D31,$P$9:$Q$24,2,FALSE) -> 0bas.h48 | C31: =C30+1 -> 23 | D31: =VLOOKUP(R31,$O$9:$P$22,2,FALSE) -> ts_048 | E31: =E26 -> bas | R31: =R26+1 -> 5
A32: 5 | B32: =VLOOKUP(E32,$S$9:$T$15,2,FALSE)&"."&VLOOKUP(D32,$P$9:$Q$24,2,FALSE) -> 3nz.h48 | C32: =C31+1 -> 24 | D32: =VLOOKUP(R32,$O$9:$P$22,2,FALSE) -> ts_048 | E32: =E27 -> nz | R32: =R27+1 -> 5
A33: 5 | B33: =VLOOKUP(E33,$S$9:$T$15,2,FALSE)&"."&VLOOKUP(D33,$P$9:$Q$24,2,FALSE) -> a 3 deg.h48 | C33: =C32+1 -> 25 | D33: =VLOOKUP(R33,$O$9:$P$22,2,FALSE) -> ts_048 | E33: =E28 -> C7 | R33: =R28+1 -> 5
A34: 5 | B34: =VLOOKUP(E34,$S$9:$T$15,2,FALSE)&"."&VLOOKUP(D34,$P$9:$Q$24,2,FALSE) -> 1tui.g64 | C34: =C33+1 -> 26 | D34: =VLOOKUP(R34,$O$9:$P$22,2,FALSE) -> ts_064 | E34: =E29 -> tui | R34: =R29+1 -> 6
... A78: 5 | B78: =VLOOKUP(E78,$S$9:$T$15,2,FALSE)&"."&VLOOKUP(D78,$P$9:$Q$24,2,FALSE) -> a 3 deg.a2w2d | C78: =C77+1 -> 70 | D78: =VLOOKUP(R78,$O$9:$P$22,2,FALSE) -> s2_w_p2_d | E78: =E73 -> C7 | R78: =R73+1 -> 14

Sheet kea-tui
A1: =VLOOKUP(Veda!$E$5,$E$1:$F$4,2,FALSE) -> kea | E1: kea | F1: =E1 -> kea | J1: kea | K1: kea | L1: kea | M1: kea | N1: kea | O1: kea | P1: kea | Q1: tui | R1: tui | S1: tui | T1: tui | U1: tui | V1: tui | AE1: kea | AF1: kea | AG1: kea | AH1: kea | AI1: kea | AJ1: kea | AK1: tui | AL1: tui | AM1: tui | AN1: tui | AO1: tui | AP1: tui | AZ1: kea | BA1: kea | BB1: kea | BC1: kea | BD1: kea | BE1: kea | BF1: kea | BG1: kea | BH1: kea | BI1: kea | BJ1: kea | BK1: tui | BL1: tui | BM1: tui | BN1: tui | BO1: tui | BP1: tui | BQ1: tui | BR1: tui | BS1: tui | BT1: tui | BU1: tui
E2: tui | F2: =E2 -> tui | J2: 2015 | K2: 0 | L2: 2018 | M2: 2020 | N2: 2030 | O2: 2040 | P2: 2050 | Q2: 2015 | R2: 2018 | S2: 2021 | T2: 2030 | U2: 2040 | V2: 2050 | AE2: 2015 | AF2: 0 | AG2: 2018 | AH2: 2030 | AI2: 2040 | AJ2: 2050 | AK2: 2015 | AL2: 0 | AM2: 2018 | AN2: 2030 | AO2: 2040 | AP2: 2050 | AZ2: 0 | BA2: 2018 | BB2: 2020 | BC2: 2025 | BD2: 2030 | BE2: 2035 | BF2: 2040 | BG2: 2045 | BH2: 2050 | BI2: 2055 | BJ2: 2060 | BK2: 0 | BL2: 2018 | BM2: 2020 | BN2: 2025 | BO2: 2030 | BP2: 2035 | BQ2: 2040 | BR2: 2045 | BS2: 2050 | BT2: 2055 | BU2: 2060
E3: bas | F3: tui
E4: nz | F4: kea
C6: ~TFM_DINS-TS | X6: ~TFM_DINS-TS | AR6: ~TFM_DINS-TS
C7: region | D7: attribute | E7: process | F7: commodity_group | G7: commodity | H7: lim_type | I7: currency | J7: =IF($A$1=J1,J2,"*"&COLUMN()) -> 2015 | K7: =IF($A$1=K1,K2,"*"&COLUMN()) -> 0 | L7: =IF($A$1=L1,L2,"*"&COLUMN()) -> 2018 | M7: =IF($A$1=M1,M2,"*"&COLUMN()) -> 2020 | N7: =IF($A$1=N1,N2,"*"&COLUMN()) -> 2030 | O7: =IF($A$1=O1,O2,"*"&COLUMN()) -> 2040 | P7: =IF($A$1=P1,P2,"*"&COLUMN()) -> 2050 | Q7: =IF($A$1=Q1,Q2,"*"&COLUMN()) -> *17 | ... V7: =IF($A$1=V1,V2,"*"&COLUMN()) -> *22 | X7: region | Y7: attribute | Z7: process | AA7: commodity_group | AB7: commodity | AC7: lim_type | AD7: currency | AE7: =IF($A$1=AE1,AE2,"*"&COLUMN()) -> 2015 | AF7: =IF($A$1=AF1,AF2,"*"&COLUMN()) -> 0 | AG7: =IF($A$1=AG1,AG2,"*"&COLUMN()) -> 2018 | AH7: =IF($A$1=AH1,AH2,"*"&COLUMN()) -> 2030 | AI7: =IF($A$1=AI1,AI2,"*"&COLUMN()) -> 2040 | AJ7: =IF($A$1=AJ1,AJ2,"*"&COLUMN()) -> 2050 | AK7: =IF($A$1=AK1,AK2,"*"&COLUMN()) -> *37 | AL7: =IF($A$1=AL1,AL2,"*"&COLUMN()) -> *38 | ... AP7: =IF($A$1=AP1,AP2,"*"&COLUMN()) -> *42 | AR7: region | AS7: attribute | AT7: process | AU7: commodity_group | AV7: commodity | AW7: lim_type | AX7: other_indexes | AY7: currency | AZ7: =IF($A$1=AZ1,AZ2,"*"&COLUMN()) -> 0 | BA7: =IF($A$1=BA1,BA2,"*"&COLUMN()) -> 2018 | BB7: =IF($A$1=BB1,BB2,"*"&COLUMN()) -> 2020 | BC7: =IF($A$1=BC1,BC2,"*"&COLUMN()) -> 2025 | BD7: =IF($A$1=BD1,BD2,"*"&COLUMN()) -> 2030 | BE7: =IF($A$1=BE1,BE2,"*"&COLUMN()) -> 2035 | BF7: =IF($A$1=BF1,BF2,"*"&COLUMN()) -> 2040 | BG7: =IF($A$1=BG1,BG2,"*"&COLUMN()) -> 2045 | ... BU7: =IF($A$1=BU1,BU2,"*"&COLUMN()) -> *73
C8: NI | D8: ACT_EFF | E8: ADCF-IRG-Irg-ELC | F8: ACT | L8: 0.7 | R8: 0.7 | X8: NI | Y8: ACT_EFF | Z8: T_C_CBEVELC | AA8: ACT | AG8: 1.3286636 | AH8: 1.1547045 | AJ8: 1.2533056 | AM8: 1.3286636 | AN8: 1.152396 | AP8: 1.2522726 | AR8: NI | AS8: ACT_BND | AT8: REFEOIL00 | AW8: UP | AZ8: 5 | BF8: 0
C9: NI | D9: ACT_EFF | E9: ADCF-IRG-IrgVSD-ELC | F9: ACT | L9: 0.83 | R9: 0.83 | X9: NI | Y9: ACT_EFF | Z9: T_C_CFCH2R | AA9: ACT | AG9: 0.73529412 | AM9: 0.73529412 | AR9: NI | AS9: COM_PROJ | AV9: ADCF-IRG | BB9: 0.14009922 | BC9: 0.13075246 | BD9: 0.12035304 | BE9: 0.1104008 | BF9: 0.10092396 | BG9: 0.092260618 | BH9: 0.084340938 | BI9: 0.077101086 | BJ9: 0.070482704 | BM9: 0.143098 | BN9: 0.139567 | BO9: 0.13087 | BP9: 0.122715 | BQ9: 0.116509 | BR9: 0.111998 | BS9: 0.107662 | BT9: 0.103493 | BU9: 0.099486
C10: NI | D10: ACT_EFF | E10: ADCF-LIG--ELC | F10: ACT | L10: 0.45 | R10: 0.45 | X10: NI | Y10: ACT_EFF | Z10: T_C_CHYBDSL | AA10: ACT | AG10: 0.34633084 | AH10: 0.37718159 | AJ10: 0.40252295 | AM10: 0.34633084 | AN10: 0.36952603 | AP10: 0.36682985 | AR10: NI | AS10: COM_PROJ | AV10: ADCF-LIG | BB10: 0.006888452 | BC10: 0.0066939614 | BD10: 0.0064807409 | BE10: 0.0062527932 | BF10: 0.0060121579 | BG10: 0.0057807834 | BH10: 0.0055583132 | BI10: 0.0053444046 | BJ10: 0.0051387282 | BM10: 0.00693 | BN10: 0.006896 | BO10: 0.006631 | BP10: 0.006376 | BQ10: 0.006207 | BR10: 0.006119 | BS10: 0.006031 | BT10: 0.005945 | BU10: 0.005861
C11: NI | D11: ACT_EFF | E11: ADCF-MoTP-Mob-Bike--ELC | F11: ACT | L11: 0.35 | R11: 0.35 | X11: NI | Y11: ACT_EFF | Z11: T_C_CHYBPET | AA11: ACT | AG11: 0.32080058 | AH11: 0.37690024 | AJ11: 0.43089793 | AM11: 0.32080058 | AN11: 0.3701514 | AP11: 0.40522794 | AR11: NI | AS11: COM_PROJ | AV11: ADCF-MoTP-Mob-Bike | BB11: 0.038036799 | BC11: 0.036225466 | BD11: 0.034199205 | BE11: 0.03217555 | BF11: 0.030167747 | BG11: 0.028285233 | BH11: 0.026520191 | BI11: 0.02486529 | BJ11: 0.023313658 | BM11: 0.038555 | BN11: 0.037984 | BO11: 0.036068 | BP11: 0.034249 | BQ11: 0.032928 | BR11: 0.032054 | BS11: 0.031203 | BT11: 0.030374 | BU11: 0.029568
C12: NI | D12: ACT_EFF | E12: ADCF-MoTP-Mob-Bike--PET | F12: ACT | L12: 0.1 | R12: 0.1 | X12: NI | Y12: ACT_EFF | Z12: T_C_CICEDSL | AA12: ACT | AG12: 0.24232913 | AH12: 0.26016473 | AJ12: 0.30361985 | AM12: 0.24232913 | AN12: 0.26005135 | AP12: 0.28945347 | AR12: NI | AS12: COM_PROJ | AV12: ADCF-MoTP-Mob-MTr | BB12: 0.066350686 | BC12: 0.063191031 | BD12: 0.059656458 | BE12: 0.056126432 | BF12: 0.052624057 | BG12: 0.049340235 | BH12: 0.046261328 | BI12: 0.04337455 | BJ12: 0.040667912 | BM12: 0.067255 | BN12: 0.066259 | BO12: 0.062917 | BP12: 0.059743 | BQ12: 0.057439 | BR12: 0.055914 | BS12: 0.05443 | BT12: 0.052985 | BU12: 0.051578
C13: NI | D13: ACT_EFF | E13: ADCF-MoTP-Mob-MTr--DSL | F13: ACT | L13: 0.13 | R13: 0.13 | X13: NI | Y13: ACT_EFF | Z13: T_C_CICEPET | AA13: ACT | AG13: 0.2244655 | AH13: 0.25997066 | AJ13: 0.32502287 | AM13: 0.2244655 | AN13: 0.26049145 | AP13: 0.31975215 | AR13: NI | AS13: COM_PROJ | AV13: ADCF-MoTP-Mob-Trac | BB13: 0.20615555 | BC13: 0.19633831 | BD13: 0.18535619 | BE13: 0.17438818 | BF13: 0.16350609 | BG13: 0.15330306 | BH13: 0.14373672 | BI13: 0.13476732 | BJ13: 0.12635764 | BM13: 0.208966 | BN13: 0.205871 | BO13: 0.195486 | BP13: 0.185624 | BQ13: 0.178467 | BR13: 0.173729 | BS13: 0.169116 | BT13: 0.164626 | BU13: 0.160255
C14: NI | D14: ACT_EFF | E14: ADCF-MoTP-Mob-MTr--ELC | F14: ACT | L14: 0.44 | R14: 0.44 | X14: NI | Y14: ACT_EFF | Z14: T_C_CPHEVDSL | AA14: TRADSL | AG14: 0.24232913 | AH14: 0.26016473 | AJ14: 0.30361985 | AM14: 0.24232913 | AN14: 0.26005135 | AP14: 0.28945347 | AR14: NI | AS14: COM_PROJ | AV14: ADCF-MoTP-Mob-Uti | BB14: 0.060963141 | BC14: 0.058060044 | BD14: 0.054812472 | BE14: 0.051569077 | BF14: 0.048351088 | BG14: 0.045333905 | BH14: 0.042505 | BI14: 0.039852623 | BJ14: 0.037365758 | BM14: 0.061794 | BN14: 0.060879 | BO14: 0.057808 | BP14: 0.054892 | BQ14: 0.052775 | BR14: 0.051374 | BS14: 0.05001 | BT14: 0.048682 | BU14: 0.04739
C15: NI | D15: ACT_EFF | E15: ADCF-MoTP-Mob-MTr--H2R | F15: ACT | L15: 0.27 | R15: 0.27 | X15: NI | Y15: ACT_EFF | Z15: T_C_CPHEVDSL | AA15: TRAELC | AG15: 1.3286636 | AH15: 1.1547045 | AJ15: 1.2533056 | AM15: 1.3286636 | AN15: 1.152396 | AP15: 1.2522726 | AR15: NI | AS15: COM_PROJ | AV15: ADCF-MoTP-Stat | BB15: 0.59296052 | BC15: 0.57621869 | BD15: 0.5578646 | BE15: 0.53824277 | BF15: 0.5175288 | BG15: 0.49761199 | BH15: 0.47846168 | BI15: 0.46004835 | BJ15: 0.44234364 | BM15: 0.596501 | BN15: 0.593595 | BO15: 0.570768 | BP15: 0.548819 | BQ15: 0.53432 | BR15: 0.526701 | BS15: 0.519191 | BT15: 0.511788 | BU15: 0.50449
C16: NI | D16: ACT_EFF | E16: ADCF-MoTP-Mob-Trac--DSL | F16: ACT | L16: 0.11 | R16: 0.11 | X16: NI | Y16: ACT_EFF | Z16: T_C_CPHEVPET | AA16: TRAELC | AG16: 1.3286636 | AH16: 1.1547045 | AJ16: 1.2533056 | AM16: 1.3286636 | AN16: 1.152396 | AP16: 1.2522726 | AR16: NI | AS16: COM_PROJ | AV16: ADCF-PUMP | BB16: 0.52133017 | BC16: 0.50661078 | BD16: 0.49047388 | BE16: 0.47322239 | BF16: 0.4550107 | BG16: 0.43749986 | BH16: 0.42066293 | BI16: 0.40447395 | BJ16: 0.388908 | BM16: 0.524443 | BN16: 0.521888 | BO16: 0.501819 | BP16: 0.482521 | BQ16: 0.469774 | BR16: 0.463075 | BS16: 0.456472 | BT16: 0.449963 | BU16: 0.443547
C17: NI | D17: ACT_EFF | E17: ADCF-MoTP-Mob-Trac--ELC | F17: ACT | L17: 0.39 | R17: 0.39 | X17: NI | Y17: ACT_EFF | Z17: T_C_CPHEVPET | AA17: TRAPET | AG17: 0.2244655 | AH17: 0.25997066 | AJ17: 0.32502287 | AM17: 0.2244655 | AN17: 0.26049145 | AP17: 0.31975215 | AR17: NI | AS17: COM_PROJ | AV17: ADCF-RFGR | BB17: 1.9674706 | BC17: 1.9119204 | BD17: 1.8510207 | BE17: 1.7859145 | BF17: 1.7171846 | BG17: 1.6510997 | BH17: 1.5875581 | BI17: 1.5264618 | BJ17: 1.4677168 | BM17: 1.979219 | BN17: 1.969576 | BO17: 1.893835 | BP17: 1.821006 | BQ17: 1.7729 | BR17: 1.747619 | BS17: 1.7227 | BT17: 1.698135 | BU17: 1.673921
C18: NI | D18: ACT_EFF | E18: ADCF-MoTP-Mob-Trac--H2R | F18: ACT | L18: 0.24 | R18: 0.24 | X18: NI | Y18: ACT_EFF | Z18: T_F_HTrBEVELC | AA18: ACT | AG18: 0.178388 | AM18: 0.178388 | AR18: NI | AS18: COM_PROJ | AV18: ADCF-WH | BB18: 1.2105336 | BC18: 1.1763551 | BD18: 1.138885 | BE18: 1.0988269 | BF18: 1.0565392 | BG18: 1.0158789 | BH18: 0.97678334 | BI18: 0.93919238 | BJ18: 0.90304809 | BM18: 1.217762 | BN18: 1.211829 | BO18: 1.165227 | BP18: 1.120418 | BQ18: 1.090819 | BR18: 1.075265 | BS18: 1.059932 | BT18: 1.044818 | BU18: 1.02992
C19: NI | D19: ACT_EFF | E19: ADCF-MoTP-Mob-Uti--DSL | F19: ACT | L19: 0.23 | R19: 0.23 | X19: NI | Y19: ACT_EFF | Z19: T_F_HTrFCH2R | AA19: ACT | AG19: 0.095545 | AM19: 0.095545 | AR19: NI | AS19: COM_PROJ | AV19: AFISH-BOAT | BB19: 0.14914749 | BC19: 0.14053844 | BD19: 0.13043992 | BE19: 0.12109731 | BF19: 0.11245195 | BG19: 0.1044238 | BH19: 0.096968791 | BI19: 0.090046011 | BJ19: 0.083617461 | BM19: 0.15258 | BN19: 0.148351 | BO19: 0.143156 | BP19: 0.13804 | BQ19: 0.133007 | BR19: 0.128158 | BS19: 0.123485 | BT19: 0.118983 | BU19: 0.114645
C20: NI | D20: ACT_EFF | E20: ADCF-MoTP-Mob-Uti--ELC | F20: ACT | L20: 0.8 | R20: 0.8 | X20: NI | Y20: ACT_EFF | Z20: T_F_HTrICEDSL | AA20: ACT | AG20: 0.0565 | AH20: 0.0565 | AJ20: 0.0565 | AM20: 0.049135097 | AN20: 0.04940497 | AP20: 0.050577567 | AR20: NI | AS20: COM_PROJ | AV20: AFISH-LIG | BB20: 0.00089750349 | BC20: 0.00088056763 | BD20: 0.0008596316 | BE20: 0.00083940311 | BF20: 0.00081985552 | BG20: 0.00080076314 | BH20: 0.00078211537 | BI20: 0.00076390186 | BJ20: 0.0007461125 | BM20: 0.000904 | BN20: 0.000897 | BO20: 0.000888 | BP20: 0.000878 | BQ20: 0.000867 | BR20: 0.000857 | BS20: 0.000847 | BT20: 0.000837 | BU20: 0.000827
C21: NI | D21: ACT_EFF | E21: ADCF-MoTP-Mob-Uti--H2R | F21: ACT | L21: 0.5 | R21: 0.5 | X21: NI | Y21: ACT_EFF | Z21: T_F_MTrBEVELC | AA21: ACT | AG21: 0.19607843 | AM21: 0.19607843 | AR21: NI | AS21: COM_PROJ | AV21: AFISH-RFGR | BB21: 0.073578344 | BC21: 0.072189923 | BD21: 0.070473564 | BE21: 0.06881521 | BF21: 0.067212676 | BG21: 0.065647461 | BH21: 0.064118696 | BI21: 0.062625532 | BJ21: 0.061167141 | BM21: 0.074134 | BN21: 0.073543 | BO21: 0.072773 | BP21: 0.071958 | BQ21: 0.071099 | BR21: 0.070249 | BS21: 0.06941 | BT21: 0.068581 | BU21: 0.067762
C22: NI | D22: ACT_EFF | E22: ADCF-MoTP-Stat-VacP-ELC | F22: ACT | L22: 0.84 | R22: 0.84 | X22: NI | Y22: ACT_EFF | Z22: T_F_MTrFCH2R | AA22: ACT | AG22: 0.12820513 | AM22: 0.12820513 | AR22: NI | AS22: COM_PROJ | AV22: AFORE-LIG | BB22: 0.0059102263 | BC22: 0.0061260108 | BD22: 0.0062618269 | BE22: 0.0064643208 | BF22: 0.0067247354 | BG22: 0.0070303995 | BH22: 0.0073681435 | BI22: 0.0070070311 | BJ22: 0.0066636169 | BM22: 0.006 | BN22: 0.006346 | BO22: 0.006652 | BP22: 0.007042 | BQ22: 0.007513 | BR22: 0.008055 | BS22: 0.008657 | BT22: 0.008443 | BU22: 0.008234
C23: NI | D23: ACT_EFF | E23: ADCF-MoTP-Stat-VPVSD-ELC | F23: ACT | L23: 0.95 | R23: 0.95 | X23: NI | Y23: ACT_EFF | Z23: T_F_MTrICEDSL | AA23: ACT | AG23: 0.13187234 | AH23: 0.13722673 | AJ23: 0.14448842 | AM23: 0.13187234 | AN23: 0.13705712 | AP23: 0.13891373 | AR23: NI | AS23: COM_PROJ | AV23: AFORE-MoTP-Mob-CY | BB23: 0.052075161 | BC23: 0.055075165 | BD23: 0.057732258 | BE23: 0.061119503 | BF23: 0.065203596 | BG23: 0.069906214 | BH23: 0.075133441 | BI23: 0.073273795 | BJ23: 0.071460177 | BM23: 0.052469 | BN23: 0.056051 | BO23: 0.059497 | BP23: 0.063783 | BQ23: 0.068905 | BR23: 0.074807 | BS23: 0.081416 | BT23: 0.080403 | BU23: 0.079403
C24: NI | D24: ACT_EFF | E24: ADCF-PUMP--ELC | F24: ACT | L24: 0.7 | R24: 0.7 | X24: NI | Y24: ACT_EFF | Z24: T_F_VHTBEVELC | AA24: ACT | AG24: 0.163288 | AM24: 0.163288 | AR24: NI | AS24: COM_PROJ | AV24: AFORE-MoTP-Mob-GB | BB24: 0.066202681 | BC24: 0.07001656 | BD24: 0.073394498 | BE24: 0.077700672 | BF24: 0.082892742 | BG24: 0.088871138 | BH24: 0.095516464 | BI24: 0.093152313 | BJ24: 0.090846677 | BM24: 0.066703 | BN24: 0.071257 | BO24: 0.075638 | BP24: 0.081087 | BQ24: 0.087598 | BR24: 0.095101 | BS24: 0.103503 | BT24: 0.102216 | BU24: 0.100944
C25: NI | D25: ACT_EFF | E25: ADCF-RFGR--ELC | F25: ACT | L25: 2.95 | R25: 2.951594 | X25: NI | Y25: ACT_EFF | Z25: T_F_VHTFCH2R | AA25: ACT | AG25: 0.092196 | AM25: 0.092196 | AR25: NI | AS25: COM_PROJ | AV25: AFORE-MoTP-Stat | BB25: 0.15379584 | BC25: 0.16265589 | BD25: 0.1705032 | BE25: 0.18050689 | BF25: 0.19256862 | BG25: 0.20645707 | BH25: 0.22189487 | BI25: 0.21640269 | BJ25: 0.21104646 | BM25: 0.154958 | BN25: 0.165538 | BO25: 0.175716 | BP25: 0.188374 | BQ25: 0.203499 | BR25: 0.22093 | BS25: 0.240448 | BT25: 0.237458 | BU25: 0.234504
C26: NI | D26: ACT_EFF | E26: ADCF-RFGR-HRECSys-ELC | F26: ACT | L26: 3.5 | R26: 3.5 | X26: NI | Y26: ACT_EFF | Z26: T_F_VHTICEDSL | AA26: ACT | AG26: 0.05 | AM26: 0.05 | AR26: NI | AS26: COM_PROJ | AV26: AHORT-IRG | BB26: 0.11250123 | BC26: 0.10711483 | BD26: 0.094161956 | BE26: 0.088344898 | BF26: 0.082900059 | BG26: 0.077802875 | BH26: 0.073030443 | BI26: 0.067715032 | BJ26: 0.062786495 | BM26: 0.115091 | BN26: 0.112956 | BO26: 0.103135 | BP26: 0.100504 | BQ26: 0.097956 | BR26: 0.095486 | BS26: 0.093094 | BT26: 0.089655 | BU26: 0.086343
C27: NI | D27: ACT_EFF | E27: ADCF-WH-Cylinder-ELC | F27: ACT | L27: 0.9 | R27: 0.9 | X27: NI | Y27: ACT_EFF | Z27: T_P_BusBEVELC | AA27: ACT | AG27: 0.26548133 | AH27: 0.30574532 | AJ27: 0.33634751 | AM27: 0.26548133 | AN27: 0.31138463 | AP27: 0.3373593 | AR27: NI | AS27: COM_PROJ | AV27: AHORT-LIG | BB27: 0.0018384769 | BC27: 0.0018226274 | BD27: 0.0016852255 | BE27: 0.0016630231 | BF27: 0.0016413677 | BG27: 0.001620246 | BH27: 0.0015996446 | BI27: 0.0015600514 | BJ27: 0.0015214381 | BM27: 0.001852 | BN27: 0.001855 | BO27: 0.001737 | BP27: 0.001736 | BQ27: 0.001735 | BR27: 0.001734 | BS27: 0.001733 | BT27: 0.001712 | BU27: 0.001691
C28: NI | D28: ACT_EFF | E28: ADCF-WH-Hreco-ELC | F28: ACT | L28: 3.5 | R28: 3.5 | X28: NI | Y28: ACT_EFF | Z28: T_P_BusFCH2R | AA28: ACT | AG28: 0.16129032 | AH28: 0.17574692 | AJ28: 0.20533881 | AM28: 0.16129032 | AN28: 0.17574692 | AP28: 0.20533881 | AR28: NI | AS28: COM_PROJ | AV28: AHORT-MoTP-Mob-MTr | BB28: 0.0065715155 | BC28: 0.0063848942 | BD28: 0.0057567106 | BE28: 0.0055395594 | BF28: 0.0053314263 | BG28: 0.0051319101 | BH28: 0.0049406279 | BI28: 0.004698488 | BJ28: 0.0044682153 | BM28: 0.006672 | BN28: 0.006614 | BO28: 0.006115 | BP28: 0.006035 | BQ28: 0.005956 | BR28: 0.00588 | BS28: 0.005805 | BT28: 0.005661 | BU28: 0.005521
C29: NI | D29: ACT_EFF | E29: AFISH-BOAT-Boat-DSL | F29: ACT | L29: 0.18 | R29: 0.18 | X29: NI | Y29: ACT_EFF | Z29: T_P_BusICEDSL | AA29: ACT | AG29: 0.073200548 | AH29: 0.077679717 | AJ29: 0.082433931 | AM29: 0.073200548 | AN29: 0.077810539 | AP29: 0.080238361 | AR29: NI | AS29: COM_PROJ | AV29: AHORT-MoTP-Mob-Trac | BB29: 0.10500733 | BC29: 0.10202528 | BD29: 0.091987428 | BE29: 0.088517533 | BF29: 0.08519174 | BG29: 0.082003637 | BH29: 0.078947108 | BI29: 0.075077914 | BJ29: 0.071398349 | BM29: 0.106606 | BN29: 0.105687 | BO29: 0.09772 | BP29: 0.096432 | BQ29: 0.095177 | BR29: 0.093952 | BS29: 0.092757 | BT29: 0.090462 | BU29: 0.088223
C30: NI | D30: ACT_EFF | E30: AFISH-BOAT-HYBBOAT-DSL | F30: ACT | L30: 0.19 | R30: 0.193823 | X30: NI | Y30: ACT_EFF | Z30: T_P_CBEVELC | AA30: ACT | AG30: 1.4079926 | AH30: 1.4244365 | AJ30: 1.5685014 | AM30: 1.4079926 | AN30: 1.4026374 | AP30: 1.5730134 | AR30: NI | AS30: COM_PROJ | AV30: AHORT-MoTP-Mob-Uti | BB30: 0.012075843 | BC30: 0.011732907 | BD30: 0.010578554 | BE30: 0.010179516 | BF30: 0.0097970501 | BG30: 0.0094304183 | BH30: 0.0090789174 | BI30: 0.0086339601 | BJ30: 0.0082108102 | BM30: 0.01226 | BN30: 0.012154 | BO30: 0.011238 | BP30: 0.01109 | BQ30: 0.010945 | BR30: 0.010804 | BS30: 0.010667 | BT30: 0.010403 | BU30: 0.010146
C31: NI | D31: ACT_EFF | E31: AFISH-LIG--ELC | F31: ACT | L31: 0.45 | R31: 0.45 | X31: NI | Y31: ACT_EFF | Z31: T_P_CFCH2R | AA31: ACT | AG31: 0.73529412 | AM31: 0.73529412 | AR31: NI | AS31: COM_PROJ | AV31: AHORT-MoTP-Stat | BB31: 0.055334101 | BC31: 0.053762694 | BD31: 0.048473203 | BE31: 0.046644726 | BF31: 0.044892184 | BG31: 0.043212198 | BH31: 0.041601546 | BI31: 0.039562656 | BJ31: 0.037623692 | BM31: 0.056177 | BN31: 0.055692 | BO31: 0.051494 | BP31: 0.050816 | BQ31: 0.050154 | BR31: 0.049508 | BS31: 0.048879 | BT31: 0.047669 | BU31: 0.046489
C32: NI | D32: ACT_EFF | E32: AFISH-RFGR-RF-ELC | F32: ACT | L32: 2.95 | R32: 2.951594 | X32: NI | Y32: ACT_EFF | Z32: T_P_CHYBDSL | AA32: ACT | AG32: 0.3754918 | AH32: 0.42744336 | AJ32: 0.53509347 | AM32: 0.3754918 | AN32: 0.43013781 | AP32: 0.49287454 | AR32: NI | AS32: COM_PROJ | AV32: AINDC-LIG | BB32: 0.0019399217 | BC32: 0.0019505429 | BD32: 0.0019410261 | BE32: 0.0019629873 | BF32: 0.0019758451 | BG32: 0.0019802057 | BH32: 0.0019766466 | BI32: 0.0019665096 | BJ32: 0.0019525754 | BM32: 0.00197 | BN32: 0.002078 | BO32: 0.002175 | BP32: 0.002221 | BQ32: 0.002218 | BR32: 0.002207 | BS32: 0.00219 | BT32: 0.002166 | BU32: 0.002139
C33: NI | D33: ACT_EFF | E33: AFORE-LIG--ELC | F33: ACT | L33: 0.45 | R33: 0.45 | X33: NI | Y33: ACT_EFF | Z33: T_P_CHYBPET | AA33: ACT | AG33: 0.40973966 | AH33: 0.47640356 | AJ33: 0.59501402 | AM33: 0.40973966 | AN33: 0.47187399 | AP33: 0.54536334 | AR33: NI | AS33: COM_PROJ | AV33: AINDC-SH | BB33: 2.2191879 | BC33: 2.186824 | BD33: 2.1220239 | BE33: 2.0926517 | BF33: 2.0539645 | BG33: 2.0072936 | BH33: 1.9538454 | BI33: 1.8954739 | BJ33: 1.8352284 | BM33: 2.270397 | BN33: 2.371286 | BO33: 2.450979 | BP33: 2.471615 | BQ33: 2.437398 | BR33: 2.395627 | BS33: 2.34689 | BT33: 2.292663 | BU33: 2.236096
C34: NI | D34: ACT_EFF | E34: AFORE-MoTP-Mob-CY--DSL | F34: ACT | L34: 0.11 | R34: 0.111111 | X34: NI | Y34: ACT_EFF | Z34: T_P_CICEDSL | AA34: ACT | AG34: 0.27102281 | AH34: 0.29744977 | AJ34: 0.35497794 | AM34: 0.27102281 | AN34: 0.29880791 | AP34: 0.35338723 | AR34: NI | AS34: COM_PROJ | AV34: ALIVE-IRG | BB34: 0.041656915 | BC34: 0.039991708 | BD34: 0.035922437 | BE34: 0.032267227 | BF34: 0.02857589 | BG34: 0.024949548 | BH34: 0.021783396 | BI34: 0.019019036 | BJ34: 0.016605479 | BM34: 0.042616 | BN34: 0.042173 | BO34: 0.037167 | BP34: 0.032756 | BQ34: 0.03013 | BR34: 0.028916 | BS34: 0.02775 | BT34: 0.026631 | BU34: 0.025558
C35: NI | D35: ACT_EFF | E35: AFORE-MoTP-Mob-CY--ELC | F35: ACT | L35: 0.39 | R35: 0.386473 | X35: NI | Y35: ACT_EFF | Z35: T_P_CICEPET | AA35: ACT | AG35: 0.29574227 | AH35: 0.33152026 | AJ35: 0.39472888 | AM35: 0.29574227 | AN35: 0.32780117 | AP35: 0.3910213 | AR35: NI | AS35: COM_PROJ | AV35: ALIVE-LIG | BB35: 0.02432121 | BC35: 0.024311705 | BD35: 0.022969182 | BE35: 0.021700794 | BF35: 0.020213802 | BG35: 0.018562871 | BH35: 0.017046778 | BI35: 0.01565451 | BJ35: 0.014375953 | BM35: 0.024505 | BN35: 0.024743 | BO35: 0.022361 | BP35: 0.020208 | BQ35: 0.019061 | BR35: 0.018758 | BS35: 0.01846 | BT35: 0.018167 | BU35: 0.017878
C36: NI | D36: ACT_EFF | E36: AFORE-MoTP-Mob-CY--H2R | F36: ACT | L36: 0.24 | R36: 0.241546 | X36: NI | Y36: ACT_EFF | Z36: T_P_CPHEVDSL | AA36: TRADSL | AG36: 0.27102281 | AH36: 0.29744977 | AJ36: 0.35497794 | AM36: 0.27102281 | AN36: 0.29880791 | AP36: 0.35338723 | AR36: NI | AS36: COM_PROJ | AV36: ALIVE-MoTP-Mob-Bike | BB36: 0.015780547 | BC36: 0.015459689 | BD36: 0.01424267 | BE36: 0.013121458 | BF36: 0.01191832 | BG36: 0.010672662 | BH36: 0.0095571959 | BI36: 0.0085583139 | BJ36: 0.0076638314 | BM36: 0.016021 | BN36: 0.016015 | BO36: 0.014293 | BP36: 0.012756 | BQ36: 0.011882 | BR36: 0.011547 | BS36: 0.011222 | BT36: 0.010906 | BU36: 0.010599
C37: NI | D37: ACT_EFF | E37: AFORE-MoTP-Mob-GB--DSL | F37: ACT | L37: 0.11 | R37: 0.111111 | X37: NI | Y37: ACT_EFF | Z37: T_P_CPHEVDSL | AA37: TRAELC | AG37: 1.4079926 | AH37: 1.4244365 | AJ37: 1.5685014 | AM37: 1.4079926 | AN37: 1.4026374 | AP37: 1.5730134 | AR37: NI | AS37: COM_PROJ | AV37: ALIVE-MoTP-Mob-MTr | BB37: 0.0053619301 | BC37: 0.0052529087 | BD37: 0.0048393888 | BE37: 0.0044584221 | BF37: 0.0040496187 | BG37: 0.0036263679 | BH37: 0.0032473537 | BI37: 0.0029079525 | BJ37: 0.0026040244 | BM37: 0.005444 | BN37: 0.005441 | BO37: 0.004856 | BP37: 0.004334 | BQ37: 0.004037 | BR37: 0.003923 | BS37: 0.003813 | BT37: 0.003706 | BU37: 0.003601
C38: NI | D38: ACT_EFF | E38: AFORE-MoTP-Mob-GB--ELC | F38: ACT | L38: 0.39 | R38: 0.386473 | X38: NI | Y38: ACT_EFF | Z38: T_P_CPHEVPET | AA38: TRAELC | AG38: 1.408 | AH38: 1.424 | AJ38: 1.569 | AM38: 1.4079926 | AN38: 1.4026374 | AP38: 1.5730134 | AR38: NI | AS38: COM_PROJ | AV38: ALIVE-MoTP-Mob-Trac | BB38: 0.085679165 | BC38: 0.083937094 | BD38: 0.077329392 | BE38: 0.071241862 | BF38: 0.064709525 | BG38: 0.057946331 | BH38: 0.05189 | BI38: 0.046466653 | BJ38: 0.041610135 | BM38: 0.086984 | BN38: 0.08695 | BO38: 0.0776 | BP38: 0.069256 | BQ38: 0.06451 | BR38: 0.062693 | BS38: 0.060928 | BT38: 0.059212 | BU38: 0.057544
C39: NI | D39: ACT_EFF | E39: AFORE-MoTP-Mob-GB--H2R | F39: ACT | L39: 0.24 | R39: 0.241546 | X39: NI | Y39: ACT_EFF | Z39: T_P_CPHEVPET | AA39: TRAPET | AG39: 0.296 | AH39: 0.332 | AJ39: 0.395 | AM39: 0.29574227 | AN39: 0.32780117 | AP39: 0.3910213 | AR39: NI | AS39: COM_PROJ | AV39: ALIVE-MoTP-Mob-Uti | BB39: 0.009853104 | BC39: 0.0096527658 | BD39: 0.0088928801 | BE39: 0.0081928141 | BF39: 0.0074415954 | BG39: 0.006663828 | BH39: 0.0059673499 | BI39: 0.0053436651 | BJ39: 0.0047851655 | BM39: 0.010003 | BN39: 0.009999 | BO39: 0.008924 | BP39: 0.007964 | BQ39: 0.007419 | BR39: 0.00721 | BS39: 0.007007 | BT39: 0.006809 | BU39: 0.006618
C40: NI | D40: ACT_EFF | E40: AFORE-MoTP-Stat--ELC | F40: ACT | L40: 0.9 | R40: 0.9 | X40: NI | Y40: ACT_EFF | Z40: T_P_McyBEVELC | AA40: ACT | AG40: 5.7874235 | AH40: 4.9403706 | AJ40: 4.728734 | AM40: 5.7874235 | AN40: 4.9866436 | AP40: 4.7639962 | AR40: NI | AS40: COM_PROJ | AV40: ALU-PH-FURN | BB40: 0 | BC40: 0 | BD40: 0 | BE40: 0 | BF40: 0 | BG40: 0 | BH40: 0 | BI40: 0 | BJ40: 0 | BM40: 0 | BN40: 0 | BO40: 0 | BP40: 0 | BQ40: 0 | BR40: 0 | BS40: 0 | BT40: 0 | BU40: 0
C41: NI | D41: ACT_EFF | E41: AHORT-IRG-Irg-ELC | F41: ACT | L41: 0.7 | R41: 0.7 | X41: NI | Y41: ACT_EFF | Z41: T_P_McyICEPET | AA41: ACT | AG41: 0.58602989 | AH41: 0.61568558 | AJ41: 0.71916678 | AM41: 0.58602989 | AN41: 0.61275425 | AP41: 0.67120833 | AR41: NI | AS41: COM_PROJ | AV41: AOTH-ELC | BB41: 0.011299596 | BC41: 0.010854347 | BD41: 0.010322376 | BE41: 0.0098164764 | BF41: 0.0093353714 | BG41: 0.0088778453 | BH41: 0.0084427426 | BI41: 0.0080289642 | BJ41: 0.007635465 | BM41: 0.011472 | BN41: 0.011244 | BO41: 0.010966 | BP41: 0.010694 | BQ41: 0.01043 | BR41: 0.010171 | BS41: 0.00992 | BT41: 0.009674 | BU41: 0.009435
C42: NI | D42: ACT_EFF | E42: AHORT-IRG-IrgVSD-ELC | F42: ACT | L42: 0.83 | R42: 0.83125 | X42: NI | Y42: FLO_SHAR | Z42: T_C_CPHEVDSL | AA42: T_C_CPHEVDSL_NRGI | AB42: TRADSL | AC42: FX | AG42: 0 | AM42: 0 | AR42: NI | AS42: COM_PROJ | AV42: AOTH-FOL | BB42: 0.015468822 | BC42: 0.014859289 | BD42: 0.014131036 | BE42: 0.013438475 | BF42: 0.012779856 | BG42: 0.012153516 | BH42: 0.011557872 | BI42: 0.010991422 | BJ42: 0.010452733 | BM42: 0.015704 | BN42: 0.015393 | BO42: 0.015012 | BP42: 0.01464 | BQ42: 0.014278 | BR42: 0.013924 | BS42: 0.01358 | BT42: 0.013244 | BU42: 0.012916
C43: NI | D43: ACT_EFF | E43: AHORT-LIG--ELC | F43: ACT | L43: 0.45 | R43: 0.45 | X43: NI | Y43: FLO_SHAR | Z43: T_C_CPHEVDSL | AA43: T_C_CPHEVDSL_NRGI | AB43: TRAELC | AC43: FX | AG43: 0 | AM43: 0 | AR43: NI | AS43: COM_PROJ | AV43: AOTH-LPG | BB43: 0.053781698 | BC43: 0.051662484 | BD43: 0.049130508 | BE43: 0.046722625 | BF43: 0.044432751 | BG43: 0.042255104 | BH43: 0.040184184 | BI43: 0.038214759 | BJ43: 0.036341855 | BM43: 0.054601 | BN43: 0.053517 | BO43: 0.052192 | BP43: 0.0509 | BQ43: 0.049641 | BR43: 0.048412 | BS43: 0.047214 | BT43: 0.046045 | BU43: 0.044905
C44: NI | D44: ACT_EFF | E44: AHORT-MoTP-Mob-MTr--DSL | F44: ACT | L44: 0.13 | R44: 0.125163 | X44: NI | Y44: FLO_SHAR | Z44: T_C_CPHEVPET | AA44: T_C_CPHEVPET_NRGI | AB44: TRAELC | AC44: FX | AG44: 0 | AM44: 0 | AR44: NI | AS44: COM_PROJ | AV44: AOTH-NGA | BB44: 0.00060252851 | BC44: 0.00057878648 | BD44: 0.00055042019 | BE44: 0.00052344412 | BF44: 0.00049779015 | BG44: 0.00047339348 | BH44: 0.00045019249 | BI44: 0.00042812858 | BJ44: 0.00040714602 | BM44: 0.000612 | BN44: 0.0006 | BO44: 0.000585 | BP44: 0.00057 | BQ44: 0.000556 | BR44: 0.000542 | BS44: 0.000529 | BT44: 0.000516 | BU44: 0.000503
C45: NI | D45: ACT_EFF | E45: AHORT-MoTP-Mob-MTr--ELC | F45: ACT | L45: 0.44 | R45: 0.43535 | X45: NI | Y45: FLO_SHAR | Z45: T_C_CPHEVPET | AA45: T_C_CPHEVPET_NRGI | AB45: TRAPET | AC45: FX | AG45: 0 | AM45: 0 | AR45: NI | AS45: COM_PROJ | AV45: AOTH-PET | BB45: 0.0067362547 | BC45: 0.0064708194 | BD45: 0.0061536849 | BE45: 0.0058520931 | BF45: 0.0055652823 | BG45: 0.0052925281 | BH45: 0.0050331415 | BI45: 0.0047864675 | BJ45: 0.004551883 | BM45: 0.006839 | BN45: 0.006703 | BO45: 0.006537 | BP45: 0.006375 | BQ45: 0.006218 | BR45: 0.006064 | BS45: 0.005914 | BT45: 0.005767 | BU45: 0.005624
C46: NI | D46: ACT_EFF | E46: AHORT-MoTP-Mob-MTr--H2R | F46: ACT | L46: 0.27 | R46: 0.272093 | X46: NI | Y46: FLO_SHAR | Z46: T_P_CPHEVDSL | AA46: T_P_CPHEVDSL_NRGI | AB46: TRADSL | AC46: FX | AG46: 0 | AM46: 0 | AR46: NI | AS46: COM_PROJ | AV46: C_EDU-LT | BB46: 0.079175526 | BC46: 0.082520842 | BD46: 0.085675871 | BE46: 0.089954785 | BF46: 0.093538268 | BG46: 0.096364198 | BH46: 0.098681588 | BI46: 0.10071748 | BJ46: 0.10259313 | BM46: 0.079787535 | BN46: 0.086381065 | BO46: 0.093152213 | BP46: 0.097524581 | BQ46: 0.099354903 | BR46: 0.10038092 | BS46: 0.10088495 | BT46: 0.10110567 | BU46: 0.10116433
C47: NI | D47: ACT_EFF | E47: AHORT-MoTP-Mob-Trac--DSL | F47: ACT | L47: 0.11 | R47: 0.111111 | X47: NI | Y47: FLO_SHAR | Z47: T_P_CPHEVDSL | AA47: T_P_CPHEVDSL_NRGI | AB47: TRAELC | AC47: FX | AG47: 0 | AM47: 0 | AR47: NI | AS47: COM_PROJ | AV47: C_EDU-MPM | BB47: 0.079407233 | BC47: 0.082762338 | BD47: 0.085926601 | BE47: 0.090218037 | BF47: 0.093812007 | BG47: 0.096646207 | BH47: 0.098970379 | BI47: 0.10101223 | BJ47: 0.10289337 | BM47: 0.080021032 | BN47: 0.086633859 | BO47: 0.093424822 | BP47: 0.097809985 | BQ47: 0.099645665 | BR47: 0.10067468 | BS47: 0.10118019 | BT47: 0.10140155 | BU47: 0.10146039
C48: NI | D48: ACT_EFF | E48: AHORT-MoTP-Mob-Trac--ELC | F48: ACT | L48: 0.39 | R48: 0.386473 | X48: NI | Y48: FLO_SHAR | Z48: T_P_CPHEVPET | AA48: T_P_CPHEVPET_NRGI | AB48: TRAELC | AC48: FX | AG48: 0 | AM48: 0 | AR48: NI | AS48: COM_PROJ | AV48: C_EDU-MPS | BB48: 0.0084904374 | BC48: 0.0088491744 | BD48: 0.009187506 | BE48: 0.009646358 | BF48: 0.010030635 | BG48: 0.010333675 | BH48: 0.010582182 | BI48: 0.010800502 | BJ48: 0.011001639 | BM48: 0.0085560665 | BN48: 0.0092631279 | BO48: 0.0099892361 | BP48: 0.01045811 | BQ48: 0.010654386 | BR48: 0.010764411 | BS48: 0.010818461 | BT48: 0.01084213 | BU48: 0.010848421
C49: NI | D49: ACT_EFF | E49: AHORT-MoTP-Mob-Trac--H2R | F49: ACT | L49: 0.24 | R49: 0.241546 | X49: NI | Y49: FLO_SHAR | Z49: T_P_CPHEVPET | AA49: T_P_CPHEVPET_NRGI | AB49: TRAPET | AC49: FX | AG49: 0 | AM49: 0 | AR49: NI | AS49: COM_PROJ | AV49: C_EDU-OTH | BB49: 0.08594217 | BC49: 0.089573389 | BD49: 0.092998059 | BE49: 0.097642665 | BF49: 0.10153241 | BG49: 0.10459985 | BH49: 0.10711529 | BI49: 0.10932518 | BJ49: 0.11136113 | BM49: 0.086606483 | BN49: 0.093763522 | BO49: 0.10111336 | BP49: 0.1058594 | BQ49: 0.10784615 | BR49: 0.10895985 | BS49: 0.10950696 | BT49: 0.10974654 | BU49: 0.10981022
C50: NI | D50: ACT_EFF | E50: AHORT-MoTP-Mob-Uti--DSL | F50: ACT | L50: 0.23 | R50: 0.23 | X50: NI | Y50: NCAP_AFA | Z50: T_C_CBEVELC | AC50: UP | AG50: 0.18299134 | AJ50: 0.21377882 | AM50: 0.18 | AP50: 0.21 | AR50: NI | AS50: COM_PROJ | AV50: C_EDU-RF | BB50: 0.0030789821 | BC50: 0.0032090749 | BD50: 0.0033317678 | BE50: 0.0034981665 | BF50: 0.0036375212 | BG50: 0.0037474161 | BH50: 0.0038375348 | BI50: 0.0039167066 | BJ50: 0.0039896471 | BM50: 0.0031027819 | BN50: 0.0033591915 | BO50: 0.0036225082 | BP50: 0.0037925411 | BQ50: 0.0038637188 | BR50: 0.0039036184 | BS50: 0.0039232192 | BT50: 0.0039318025 | BU50: 0.0039340839
C51: NI | D51: ACT_EFF | E51: AHORT-MoTP-Mob-Uti--ELC | F51: ACT | L51: 0.8 | R51: 0.8 | X51: NI | Y51: NCAP_AFA | Z51: T_C_CFCH2R | AC51: UP | AG51: 0.18299134 | AJ51: 0.21377882 | AM51: 0.18 | AP51: 0.21 | AR51: NI | AS51: COM_PROJ | AV51: C_EDU-SC | BB51: 0.38213082 | BC51: 0.39827656 | BD51: 0.41350392 | BE51: 0.43415556 | BF51: 0.4514508 | BG51: 0.4650898 | BH51: 0.47627439 | BI51: 0.48610036 | BJ51: 0.49515297 | BM51: 0.3850846 | BN51: 0.41690745 | BO51: 0.44958755 | BP51: 0.47069024 | BQ51: 0.47952407 | BR51: 0.48447599 | BS51: 0.48690863 | BT51: 0.4879739 | BU51: 0.48825704
C52: NI | D52: ACT_EFF | E52: AHORT-MoTP-Mob-Uti--H2R | F52: ACT | L52: 0.5 | R52: 0.5 | X52: NI | Y52: NCAP_AFA | Z52: T_C_CHYBDSL | AC52: UP | AG52: 0.18299134 | AJ52: 0.21377882 | AM52: 0.18 | AP52: 0.21 | AR52: NI | AS52: COM_PROJ | AV52: C_EDU-SH | BB52: 1.8887083 | BC52: 1.9685098 | BD52: 2.0437721 | BE52: 2.1458443 | BF52: 2.2313272 | BG52: 2.2987389 | BH52: 2.3540196 | BI52: 2.4025851 | BJ52: 2.4473283 | BM52: 1.9033076 | BN52: 2.0605943 | BO52: 2.222118 | BP52: 2.3264195 | BQ52: 2.3700813 | BR52: 2.3945565 | BS52: 2.4065801 | BT52: 2.4118452 | BU52: 2.4132447
C53: NI | D53: ACT_EFF | E53: AHORT-MoTP-Stat-Motor-ELC | F53: ACT | L53: 0.9 | R53: 0.9 | X53: NI | Y53: NCAP_AFA | Z53: T_C_CHYBPET | AC53: UP | AG53: 0.18299134 | AJ53: 0.21377882 | AM53: 0.18 | AP53: 0.21 | AR53: NI | AS53: COM_PROJ | AV53: C_EDU-WH | BB53: 0.13933191 | BC53: 0.14521895 | BD53: 0.15077112 | BE53: 0.15830109 | BF53: 0.16460725 | BG53: 0.16958028 | BH53: 0.17365839 | BI53: 0.17724112 | BJ53: 0.18054187 | BM53: 0.14040892 | BN53: 0.15201211 | BO53: 0.16392788 | BP53: 0.17162231 | BQ53: 0.17484328 | BR53: 0.17664884 | BS53: 0.17753583 | BT53: 0.17792425 | BU53: 0.17802749
C54: NI | D54: ACT_EFF | E54: AINDC-LIG--ELC | F54: ACT | L54: 0.45 | R54: 0.45 | X54: NI | Y54: NCAP_AFA | Z54: T_C_CICEDSL | AC54: UP | AG54: 0.18299134 | AJ54: 0.21377882 | AM54: 0.18 | AP54: 0.21 | AR54: NI | AS54: COM_PROJ | AV54: C_HLTH-LT | BB54: 0.054407138 | BC54: 0.056705942 | BD54: 0.058873987 | BE54: 0.061814333 | BF54: 0.0642768 | BG54: 0.066218697 | BH54: 0.067811141 | BI54: 0.069210146 | BJ54: 0.07049904 | BM54: 0.054827692 | BN54: 0.059358576 | BO54: 0.064011513 | BP54: 0.067016079 | BQ54: 0.068273824 | BR54: 0.06897887 | BS54: 0.069325226 | BT54: 0.069476897 | BU54: 0.06951721
C55: NI | D55: ACT_EFF | E55: AINDC-SH-Boiler-ELC | F55: ACT | L55: 0.99 | R55: 0.99 | X55: NI | Y55: NCAP_AFA | Z55: T_C_CICEPET | AC55: UP | AG55: 0.18299134 | AJ55: 0.21377882 | AM55: 0.18 | AP55: 0.21 | AR55: NI | AS55: COM_PROJ | AV55: C_HLTH-MPM | BB55: 0.0097469953 | BC55: 0.010158824 | BD55: 0.010547228 | BE55: 0.011073988 | BF55: 0.011515137 | BG55: 0.011863027 | BH55: 0.012148312 | BI55: 0.012398942 | BJ55: 0.012629847 | BM55: 0.0098223373 | BN55: 0.010634041 | BO55: 0.011467611 | BP55: 0.012005877 | BQ55: 0.012231201 | BR55: 0.012357509 | BS55: 0.012419559 | BT55: 0.012446731 | BU55: 0.012453953
C56: NI | D56: ACT_EFF | E56: AINDC-SH-Boiler-H2R | F56: ACT | L56: 0.87 | R56: 0.87 | X56: NI | Y56: NCAP_AFA | Z56: T_C_CPHEVDSL | AC56: UP | AG56: 0.18299134 | AJ56: 0.21377882 | AM56: 0.18 | AP56: 0.21 | AR56: NI | AS56: COM_PROJ | AV56: C_HLTH-MPS | BB56: 0.048553337 | BC56: 0.050604807 | BD56: 0.052539587 | BE56: 0.055163574 | BF56: 0.057361097 | BG56: 0.059094061 | BH56: 0.06051517 | BI56: 0.061763652 | BJ56: 0.062913871 | BM56: 0.048928643 | BN56: 0.052972038 | BO56: 0.057124354 | BP56: 0.05980565 | BQ56: 0.060928071 | BR56: 0.06155726 | BS56: 0.061866351 | BT56: 0.062001703 | BU56: 0.062037679
C57: NI | D57: ACT_EFF | E57: AINDC-SH-Boiler-NGA | F57: ACT | L57: 0.87 | R57: 0.87 | X57: NI | Y57: NCAP_AFA | Z57: T_C_CPHEVPET | AC57: UP | AG57: 0.18299134 | AJ57: 0.21377882 | AM57: 0.18 | AP57: 0.21 | AR57: NI | AS57: COM_PROJ | AV57: C_HLTH-OTH | BB57: 0.17269558 | BC57: 0.1799923 | BD57: 0.18687396 | BE57: 0.19620702 | BF57: 0.20402322 | BG57: 0.21018706 | BH57: 0.21524169 | BI57: 0.21968232 | BJ57: 0.22377345 | BM57: 0.17403048 | BN57: 0.18841211 | BO57: 0.20318116 | BP57: 0.21271806 | BQ57: 0.21671031 | BR57: 0.21894822 | BS57: 0.2200476 | BT57: 0.22052903 | BU57: 0.22065699
C58: NI | D58: ACT_EFF | E58: AINDC-SH-Boiler-WOD | F58: ACT | L58: 0.85 | R58: 0.85 | X58: NI | Y58: NCAP_AFA | Z58: T_F_HTrBEVELC | AC58: UP | AG58: 0.2 | AJ58: 0.22 | AM58: 0.2 | AP58: 0.22 | AR58: NI | AS58: COM_PROJ | AV58: C_HLTH-PH | BB58: 0.23237359 | BC58: 0.24219181 | BD58: 0.25145156 | BE58: 0.26400982 | BF58: 0.27452704 | BG58: 0.28282091 | BH58: 0.28962226 | BI58: 0.29559743 | BJ58: 0.30110231 | BM58: 0.23416978 | BN58: 0.25352125 | BO58: 0.273394 | BP58: 0.28622654 | BQ58: 0.29159838 | BR58: 0.29460964 | BS58: 0.29608894 | BT58: 0.29673673 | BU58: 0.2969089
C59: NI | D59: ACT_EFF | E59: AINDC-SH-HP-ELC | F59: ACT | L59: 3.5 | R59: 3.5 | X59: NI | Y59: NCAP_AFA | Z59: T_F_HTrFCH2R | AC59: UP | AG59: 0.2 | AJ59: 0.22 | AM59: 0.2 | AP59: 0.22 | AR59: NI | AS59: COM_PROJ | AV59: C_HLTH-RF | BB59: 0.095871002 | BC59: 0.099921733 | BD59: 0.10374205 | BE59: 0.10892325 | BF59: 0.11326237 | BG59: 0.11668419 | BH59: 0.11949024 | BI59: 0.12195543 | BJ59: 0.1242266 | BM59: 0.096612062 | BN59: 0.10459595 | BO59: 0.1127949 | BP59: 0.11808926 | BQ59: 0.12030554 | BR59: 0.1215479 | BS59: 0.12215822 | BT59: 0.12242548 | BU59: 0.12249651
C60: NI | D60: ACT_EFF | E60: ALIVE-IRG-Irg-ELC | F60: ACT | L60: 0.7 | R60: 0.7 | X60: NI | Y60: NCAP_AFA | Z60: T_F_HTrICEDSL | AC60: UP | AG60: 0.2 | AJ60: 0.22 | AM60: 0.2 | AP60: 0.22 | AR60: NI | AS60: COM_PROJ | AV60: C_HLTH-SC | BB60: 0.59074622 | BC60: 0.61570637 | BD60: 0.63924674 | BE60: 0.67117267 | BF60: 0.69790984 | BG60: 0.71899473 | BH60: 0.73628529 | BI60: 0.75147552 | BJ60: 0.76547018 | BM60: 0.59531255 | BN60: 0.64450835 | BO60: 0.69502939 | BP60: 0.7276526 | BQ60: 0.74130905 | BR60: 0.74896435 | BS60: 0.75272505 | BT60: 0.75437188 | BU60: 0.75480959
C61: NI | D61: ACT_EFF | E61: ALIVE-IRG-IrgVSD-ELC | F61: ACT | L61: 0.83 | R61: 0.83125 | X61: NI | Y61: NCAP_AFA | Z61: T_F_MTrBEVELC | AC61: UP | AG61: 0.12 | AJ61: 0.12 | AM61: 0.12 | AP61: 0.12 | AR61: NI | AS61: COM_PROJ | AV61: C_HLTH-SH | BB61: 2.1376974 | BC61: 2.2280191 | BD61: 2.3132033 | BE61: 2.4287317 | BF61: 2.5254838 | BG61: 2.6017824 | BH61: 2.6643507 | BI61: 2.7193187 | BJ61: 2.7699603 | BM61: 2.1542213 | BN61: 2.3322431 | BO61: 2.5150605 | BP61: 2.6331121 | BQ61: 2.6825299 | BR61: 2.7102317 | BS61: 2.7238403 | BT61: 2.7297996 | BU61: 2.7313835
... C69: NI | D69: ACT_EFF | E69: ALIVE-MoTP-Mob-Trac--ELC | F69: ACT | L69: 0.39 | R69: 0.386473 | X69: NI | Y69: NCAP_AFA | Z69: T_P_BusICEDSL | AC69: UP | AG69: 0.34 | AJ69: 0.34 | AM69: 0.34 | AP69: 0.34 | AR69: NI | AS69: COM_PROJ | AV69: C_OFFC-WH | BB69: 0.63616081 | BC69: 0.66303981 | BD69: 0.68838989 | BE69: 0.72277017 | BF69: 0.75156281 | BG69: 0.77426863 | BH69: 0.79288843 | BI69: 0.80924644 | BJ69: 0.82431696 | BM69: 0.64107819 | BN69: 0.69405599 | BO69: 0.74846092 | BP69: 0.78359209 | BQ69: 0.7982984 | BR69: 0.80654222 | BS69: 0.81059203 | BT69: 0.81236546 | BU69: 0.81283682
C70: NI | D70: ACT_EFF | E70: ALIVE-MoTP-Mob-Trac--H2R | F70: ACT | L70: 0.24 | R70: 0.241546 | X70: NI | Y70: NCAP_AFA | Z70: T_P_CBEVELC | AC70: UP | AG70: =0.136409892060962 -> 0.13640989 | AJ70: =0.17231484714245*3.6/4.5 -> 0.13785188 | AM70: =0.136409892060962 -> 0.13640989 | AP70: =0.17*3.6/4.5 -> 0.136 | AR70: NI | AS70: COM_PROJ | AV70: C_OTH-LT | BB70: 0.1107555 | BC70: 0.11543513 | BD70: 0.11984858 | BE70: 0.12583418 | BF70: 0.13084697 | BG70: 0.13480005 | BH70: 0.13804176 | BI70: 0.14088968 | BJ70: 0.14351346 | BM70: 0.11161161 | BN70: 0.12083504 | BO70: 0.13030693 | BP70: 0.13642326 | BQ70: 0.13898363 | BR70: 0.14041888 | BS70: 0.14112395 | BT70: 0.1414327 | BU70: 0.14151477
C71: NI | D71: ACT_EFF | E71: ALIVE-MoTP-Mob-Uti--DSL | F71: ACT | L71: 0.23 | R71: 0.23 | X71: NI | Y71: NCAP_AFA | Z71: T_P_CFCH2R | AC71: UP | AG71: =0.136409892060962*3.6/4.5 -> 0.10912791 | AJ71: =0.17231484714245*3.6/4.5 -> 0.13785188 | AM71: =0.14*3.6/4.5 -> 0.112 | AP71: =0.17*3.6/4.5 -> 0.136 | AR71: NI | AS71: COM_PROJ | AV71: C_OTH-MPM | BB71: 0.13200015 | BC71: 0.13757741 | BD71: 0.14283742 | BE71: 0.14997116 | BF71: 0.15594548 | BG71: 0.16065683 | BH71: 0.16452034 | BI71: 0.16791454 | BJ71: 0.1710416 | BM71: 0.13302048 | BN71: 0.14401311 | BO71: 0.15530186 | BP71: 0.1625914 | BQ71: 0.16564288 | BR71: 0.16735343 | BS71: 0.16819375 | BT71: 0.16856172 | BU71: 0.16865953
C72: NI | D72: ACT_EFF | E72: ALIVE-MoTP-Mob-Uti--ELC | F72: ACT | L72: 0.8 | R72: 0.8 | X72: NI | Y72: NCAP_AFA | Z72: T_P_CHYBDSL | AC72: UP | AG72: =0.136409892060962*3.6/4.5 -> 0.10912791 | AJ72: =0.17231484714245*3.6/4.5 -> 0.13785188 | AM72: =0.14*3.6/4.5 -> 0.112 | AP72: =0.17*3.6/4.5 -> 0.136 | AR72: NI | AS72: COM_PROJ | AV72: C_OTH-MPS | BB72: 0.26507837 | BC72: 0.27627843 | BD72: 0.28684142 | BE72: 0.30116715 | BF72: 0.3131646 | BG72: 0.32262576 | BH72: 0.33038435 | BI72: 0.33720047 | BJ72: 0.34348013 | BM72: 0.26712736 | BN72: 0.2892024 | BO72: 0.31187209 | BP72: 0.3265107 | BQ72: 0.3326386 | BR72: 0.33607367 | BS72: 0.33776116 | BT72: 0.33850012 | BU72: 0.33869653
C73: NI | D73: ACT_EFF | E73: ALIVE-MoTP-Mob-Uti--H2R | F73: ACT | L73: 0.5 | R73: 0.5 | X73: NI | Y73: NCAP_AFA | Z73: T_P_CHYBPET | AC73: UP | AG73: =0.136409892060962*3.6/4.5 -> 0.10912791 | AJ73: =0.17231484714245*3.6/4.5 -> 0.13785188 | AM73: =0.14*3.6/4.5 -> 0.112 | AP73: =0.17*3.6/4.5 -> 0.136 | AR73: NI | AS73: COM_PROJ | AV73: C_OTH-OTH | BB73: 0.25555905 | BC73: 0.2663569 | BD73: 0.27654056 | BE73: 0.29035183 | BF73: 0.30191843 | BG73: 0.31103983 | BH73: 0.3185198 | BI73: 0.32509115 | BJ73: 0.33114529 | BM73: 0.25753446 | BN73: 0.27881675 | BO73: 0.30067234 | BP73: 0.31478526 | BQ73: 0.32069309 | BR73: 0.32400481 | BS73: 0.3256317 | BT73: 0.32634412 | BU73: 0.32653348
C74: NI | D74: FLO_MARK | E74: AFISH-BOAT-HYBBOAT-DSL | G74: AFISH-BOAT | H74: UP | L74: 1 | R74: 0.1 | U74: 1 | X74: NI | Y74: NCAP_AFA | Z74: T_P_CICEDSL | AC74: UP | AG74: =0.136409892060962*3.6/4.5 -> 0.10912791 | AJ74: =0.17231484714245*3.6/4.5 -> 0.13785188 | AM74: =0.14*3.6/4.5 -> 0.112 | AP74: =0.17*3.6/4.5 -> 0.136 | AR74: NI | AS74: COM_PROJ | AV74: C_OTH-SC | BB74: 1.0893274 | BC74: 1.1353535 | BD74: 1.1787617 | BE74: 1.2376326 | BF74: 1.2869355 | BG74: 1.3258158 | BH74: 1.3576993 | BI74: 1.3857099 | BJ74: 1.4115158 | BM74: 1.0977477 | BN74: 1.188464 | BO74: 1.281624 | BP74: 1.3417808 | BQ74: 1.3669631 | BR74: 1.3810793 | BS74: 1.388014 | BT74: 1.3910507 | BU74: 1.3918579
C75: NI | D75: NCAP_AFA | E75: ADCF-IRG-Irg-ELC | H75: UP | L75: 0.16 | R75: 0.16 | X75: NI | Y75: NCAP_AFA | Z75: T_P_CICEPET | AC75: UP | AG75: =0.136409892060962*3.6/4.5 -> 0.10912791 | AJ75: =0.17231484714245*3.6/4.5 -> 0.13785188 | AM75: =0.14*3.6/4.5 -> 0.112 | AP75: =0.17*3.6/4.5 -> 0.136 | AR75: NI | AS75: COM_PROJ | AV75: C_OTH-SH | BB75: 2.3270179 | BC75: 2.4253388 | BD75: 2.5180671 | BE75: 2.643827 | BF75: 2.7491478 | BG75: 2.8322036 | BH75: 2.9003132 | BI75: 2.9601492 | BJ75: 3.0152758 | BM75: 2.3450052 | BN75: 2.5387932 | BO75: 2.7378014 | BP75: 2.866308 | BQ75: 2.9201023 | BR75: 2.9502575 | BS75: 2.9650713 | BT75: 2.9715583 | BU75: 2.9732825
C76: NI | D76: NCAP_AFA | E76: ADCF-IRG-IrgVSD-ELC | H76: UP | L76: 0.16 | R76: 0.16 | X76: NI | Y76: NCAP_AFA | Z76: T_P_CPHEVDSL | AC76: UP | AG76: =0.136409892060962 -> 0.13640989 | AJ76: =0.17231484714245*3.6/4.5 -> 0.13785188 | AM76: =0.136409892060962 -> 0.13640989 | AP76: =0.17*3.6/4.5 -> 0.136 | AR76: NI | AS76: COM_PROJ | AV76: C_OTH-WH | BB76: 2.4224406 | BC76: 2.5247933 | BD76: 2.6213241 | BE76: 2.752241 | BF76: 2.8618806 | BG76: 2.9483422 | BH76: 3.0192447 | BI76: 3.0815344 | BJ76: 3.1389216 | BM76: 2.4411655 | BN76: 2.6429 | BO76: 2.8500689 | BP76: 2.9838451 | BQ76: 3.0398453 | BR76: 3.071237 | BS76: 3.0866583 | BT76: 3.0934114 | BU76: 3.0952063
C77: NI | D77: NCAP_AFA | E77: ADCF-LIG--ELC | H77: UP | L77: 0.23 | R77: 0.23 | X77: NI | Y77: NCAP_AFA | Z77: T_P_CPHEVPET | AC77: UP | AG77: =0.136409892060962 -> 0.13640989 | AJ77: =0.17231484714245*3.6/4.5 -> 0.13785188 | AM77: =0.136409892060962 -> 0.13640989 | AP77: =0.17*3.6/4.5 -> 0.136 | AR77: NI | AS77: COM_PROJ | AV77: C_WSR-CK | BB77: 1.1769148 | BC77: 1.2266417 | BD77: 1.27354 | BE77: 1.3371445 | BF77: 1.3904116 | BG77: 1.432418 | BH77: 1.4668652 | BI77: 1.4971279 | BJ77: 1.5250088 | BM77: 0 | BN77: 0 | BO77: 0 | BP77: 0 | BQ77: 0 | BR77: 0 | BS77: 0 | BT77: 0 | BU77: 0
C78: NI | D78: NCAP_AFA | E78: ADCF-MoTP-Mob-Bike--ELC | H78: UP | L78: 0.25 | R78: 0.25 | X78: NI | Y78: NCAP_AFA | Z78: T_P_McyBEVELC | AC78: UP | AG78: 0.03000789 | AJ78: 0.029983436 | AM78: 0.03 | AP78: 0.03 | AR78: NI | AS78: COM_PROJ | AV78: C_WSR-LT | BB78: 0.33210521 | BC78: 0.34613728 | BD78: 0.35937119 | BE78: 0.37731928 | BF78: 0.39235035 | BG78: 0.40420384 | BH78: 0.41392423 | BI78: 0.42246386 | BJ78: 0.43033137 | BM78: 0.3346723 | BN78: 0.36232915 | BO78: 0.39073103 | BP78: 0.40907112 | BQ78: 0.41674848 | BR78: 0.42105214 | BS78: 0.42316632 | BT78: 0.42409214 | BU78: 0.42433821
C79: NI | D79: NCAP_AFA | E79: ADCF-MoTP-Mob-Bike--PET | H79: UP | L79: 0.25 | R79: 0.25 | X79: NI | Y79: NCAP_AFA | Z79: T_P_McyICEPET | AC79: UP | AG79: 0.03000789 | AJ79: 0.029983436 | AM79: 0.03 | AP79: 0.03 | AR79: NI | AS79: COM_PROJ | AV79: C_WSR-MPM | BB79: 0.047549804 | BC79: 0.049558873 | BD79: 0.051453663 | BE79: 0.054023416 | BF79: 0.056175519 | BG79: 0.057872665 | BH79: 0.059264401 | BI79: 0.060487079 | BJ79: 0.061613525 | BM79: 0.047917353 | BN79: 0.051877176 | BO79: 0.055943669 | BP79: 0.058569546 | BQ79: 0.059668768 | BR79: 0.060284952 | BS79: 0.060587655 | BT79: 0.06072021 | BU79: 0.060755442
C80: NI | D80: NCAP_AFA | E80: ADCF-MoTP-Mob-MTr--DSL | H80: UP | L80: 0.02 | R80: 0.02 | X80: NI | Y80: NCAP_COST | Z80: T_C_CBEVELC | AD80: MioNZDollar | AF80: 5 | AG80: 63 | AH80: 42.288 | AI80: 42.288 | AJ80: 42.288 | AL80: 5 | AM80: 63 | AN80: 46.291 | AO80: 46.291 | AP80: 46.291 | AR80: NI | AS80: COM_PROJ | AV80: C_WSR-MPS | BB80: 1.0363041 | BC80: 1.0800899 | BD80: 1.1213852 | BE80: 1.1773905 | BF80: 1.2242937 | BG80: 1.2612814 | BH80: 1.291613 | BI80: 1.3182601 | BJ80: 1.34281 | BM80: 1.0443145 | BN80: 1.1306152 | BO80: 1.2192407 | BP80: 1.2764693 | BQ80: 1.3004258 | BR80: 1.313855 | BS80: 1.3204521 | BT80: 1.323341 | BU80: 1.3241088
C81: NI | D81: NCAP_AFA | E81: ADCF-MoTP-Mob-MTr--ELC | H81: UP | L81: 0.02 | R81: 0.02 | X81: NI | Y81: NCAP_COST | Z81: T_C_CFCH2R | AD81: MioNZDollar | AF81: 5 | AG81: 97.283967 | AH81: 65.197195 | AI81: 59.842717 | AJ81: 56.427099 | AL81: 5 | AM81: 97.283967 | AN81: 58.859359 | AO81: 55.900305 | AP81: 54.012727 | AR81: NI | AS81: COM_PROJ | AV81: C_WSR-OTH | BB81: 0.55018805 | BC81: 0.57343453 | BD81: 0.59535872 | BE81: 0.62509275 | BF81: 0.64999426 | BG81: 0.66963155 | BH81: 0.68573501 | BI81: 0.69988234 | BJ81: 0.71291619 | BM81: 0.55444087 | BN81: 0.60025909 | BO81: 0.64731157 | BP81: 0.677695 | BQ81: 0.69041386 | BR81: 0.69754358 | BS81: 0.70104608 | BT81: 0.70257984 | BU81: 0.70298751
C82: NI | D82: NCAP_AFA | E82: ADCF-MoTP-Mob-MTr--H2R | H82: UP | L82: 0.02 | R82: 0.02 | X82: NI | Y82: NCAP_COST | Z82: T_C_CHYBDSL | AD82: MioNZDollar | AF82: 5 | AG82: 57.303147 | AH82: 56.97174 | AI82: 57.739043 | AJ82: 59.435882 | AL82: 5 | AM82: 57.303147 | AN82: 56.97174 | AO82: 57.739043 | AP82: 59.435882 | AR82: NI | AS82: COM_PROJ | AV82: C_WSR-RF | BB82: 7.8230934 | BC82: 8.1536338 | BD82: 8.4653727 | BE82: 8.8881592 | BF82: 9.2422323 | BG82: 9.5214538 | BH82: 9.7504281 | BI82: 9.9515882 | BJ82: 10.136916 | BM82: 7.8835641 | BN82: 8.5350508 | BO82: 9.2040873 | BP82: 9.6361077 | BQ82: 9.8169564 | BR82: 9.9183335 | BS82: 9.9681354 | BT82: 9.9899439 | BU82: 9.9957404
C83: NI | D83: NCAP_AFA | E83: ADCF-MoTP-Mob-Trac--DSL | H83: UP | L83: 0.09 | R83: 0.09 | X83: NI | Y83: NCAP_COST | Z83: T_C_CHYBPET | AD83: MioNZDollar | AF83: 5 | AG83: 38.539139 | AH83: 37.682714 | AI83: 38.253664 | AJ83: 38.539139 | AL83: 5 | AM83: 38.539139 | AN83: 37.682714 | AO83: 38.253664 | AP83: 38.539139 | AR83: NI | AS83: COM_PROJ | AV83: C_WSR-SC | BB83: 1.0320924 | BC83: 1.0757003 | BD83: 1.1168277 | BE83: 1.1726054 | BF83: 1.2193179 | BG83: 1.2561553 | BH83: 1.2863636 | BI83: 1.3129025 | BJ83: 1.3373526 | BM83: 1.0400703 | BN83: 1.1260202 | BO83: 1.2142855 | BP83: 1.2712815 | BQ83: 1.2951406 | BR83: 1.3085152 | BS83: 1.3150855 | BT83: 1.3179627 | BU83: 1.3187274
C84: NI | D84: NCAP_AFA | E84: ADCF-MoTP-Mob-Trac--ELC | H84: UP | L84: 0.09 | R84: 0.09 | X84: NI | Y84: NCAP_COST | Z84: T_C_CICEDSL | AD84: MioNZDollar | AF84: 5 | AG84: 50.400339 | AH84: 53.29691 | AI84: 54.841748 | AJ84: 56.386586 | AL84: 5 | AM84: 50.400339 | AN84: 53.29691 | AO84: 54.841748 | AP84: 56.386586 | AR84: NI | AS84: COM_PROJ | AV84: C_WSR-SH | BB84: 4.8223012 | BC84: 5.0260525 | BD84: 5.2182142 | BE84: 5.4788277 | BF84: 5.697085 | BG84: 5.8692023 | BH84: 6.0103463 | BI84: 6.1343452 | BJ84: 6.2485846 | BM84: 4.8595764 | BN84: 5.261165 | BO84: 5.6735717 | BP84: 5.9398771 | BQ84: 6.0513556 | BR84: 6.1138464 | BS84: 6.1445452 | BT84: 6.1579884 | BU84: 6.1615615
C85: NI | D85: NCAP_AFA | E85: ADCF-MoTP-Mob-Trac--H2R | H85: UP | L85: 0.09 | R85: 0.09 | X85: NI | Y85: NCAP_COST | Z85: T_C_CICEPET | AD85: MioNZDollar | AF85: 5 | AG85: 33.896667 | AH85: 35.252078 | AI85: 36.334129 | AJ85: 36.561929 | AL85: 5 | AM85: 33.896667 | AN85: 35.252078 | AO85: 36.334129 | AP85: 36.561929 | AR85: NI | AS85: COM_PROJ | AV85: C_WSR-WH | BB85: 2.224432 | BC85: 2.3184185 | BD85: 2.4070589 | BE85: 2.5272747 | BF85: 2.6279525 | BG85: 2.7073468 | BH85: 2.7724537 | BI85: 2.829652 | BJ85: 2.8823483 | BM85: 2.2416264 | BN85: 2.4268712 | BO85: 2.6171063 | BP85: 2.7399477 | BQ85: 2.7913705 | BR85: 2.8201963 | BS85: 2.834357 | BT85: 2.8405581 | BU85: 2.8422063
C86: NI | D86: NCAP_AFA | E86: ADCF-MoTP-Mob-Uti--DSL | H86: UP | L86: 0.09 | R86: 0.09 | X86: NI | Y86: NCAP_COST | Z86: T_C_CPHEVDSL | AD86: MioNZDollar | AF86: 5 | AG86: 115.04823 | AH86: 85.444218 | AI86: 85.302529 | AJ86: 85.302529 | AL86: 5 | AM86: 115.04823 | AN86: 89.186507 | AO86: 89.038613 | AP86: 90.976358 | AR86: NI | AS86: COM_PROJ | AV86: CHMCL-MoTP-Stat | BB86: 0.8271 | BC86: 0.594 | BD86: 0.4266 | BE86: 0.4266 | BF86: 0.4266 | BG86: 0.4266 | BH86: 0.4266 | BI86: 0.4266 | BJ86: 0.4266 | BM86: 1.2955 | BN86: 1.4573 | BO86: 1.6392 | BP86: 1.7653 | BQ86: 1.901 | BR86: 1.3652 | BS86: 0.9805 | BT86: 0.7041 | BU86: 0.5057
C87: NI | D87: NCAP_AFA | E87: ADCF-MoTP-Mob-Uti--ELC | H87: UP | L87: 0.09 | R87: 0.09 | X87: NI | Y87: NCAP_COST | Z87: T_C_CPHEVPET | AD87: MioNZDollar | AF87: 5 | AG87: 77.3755 | AH87: 56.515213 | AI87: 56.515213 | AJ87: 56.515213 | AL87: 5 | AM87: 77.3755 | AN87: 58.990468 | AO87: 58.990468 | AP87: 58.990468 | AR87: NI | AS87: COM_PROJ | AV87: CHMCL-PH-DirH | BB87: 0.3653 | BC87: 0.2624 | BD87: 0.1884 | BE87: 0.1884 | BF87: 0.1884 | BG87: 0.1884 | BH87: 0.1884 | BI87: 0.1884 | BJ87: 0.1884 | BM87: 0.5722 | BN87: 0.6437 | BO87: 0.724 | BP87: 0.7797 | BQ87: 0.8397 | BR87: 0.603 | BS87: 0.4331 | BT87: 0.311 | BU87: 0.2234
C88: NI | D88: NCAP_AFA | E88: ADCF-MoTP-Mob-Uti--H2R | H88: UP | L88: 0.09 | R88: 0.09 | X88: NI | Y88: NCAP_COST | Z88: T_F_HTrBEVELC | AD88: MioNZDollar | AF88: 5 | AG88: 470 | AH88: 301 | AI88: 275 | AJ88: 275 | AL88: 5 | AM88: 501 | AN88: 317 | AO88: 286 | AP88: 286 | AR88: NI | AS88: COM_PROJ | AV88: CHMCL-PH-FURN | BB88: 0.2407 | BC88: 0.1729 | BD88: 0.1241 | BE88: 0.1241 | BF88: 0.1241 | BG88: 0.1241 | BH88: 0.1241 | BI88: 0.1241 | BJ88: 0.1241 | BM88: 0.377 | BN88: 0.4241 | BO88: 0.477 | BP88: 0.5137 | BQ88: 0.5532 | BR88: 0.3973 | BS88: 0.2853 | BT88: 0.2049 | BU88: 0.1472
C89: NI | D89: NCAP_AFA | E89: ADCF-MoTP-Stat-VacP-ELC | H89: UP | L89: 0.23 | R89: 0.23 | X89: NI | Y89: NCAP_COST | Z89: T_F_HTrFCH2R | AD89: MioNZDollar | AF89: 5 | AG89: 727 | AH89: 344 | AI89: 292 | AJ89: 292 | AL89: 5 | AM89: 727 | AN89: 361 | AO89: 307 | AP89: 307 | AR89: NI | AS89: COM_PROJ | AV89: CHMCL-PH-REFRM | BB89: 1.085 | BC89: 0.7792 | BD89: 0.5596 | BE89: 0.5596 | BF89: 0.5596 | BG89: 0.5596 | BH89: 0.5596 | BI89: 0.5596 | BJ89: 0.5596 | BM89: 1.6994 | BN89: 1.9116 | BO89: 2.1503 | BP89: 2.3156 | BQ89: 2.4936 | BR89: 1.7908 | BS89: 1.2861 | BT89: 0.9237 | BU89: 0.6633
C90: NI | D90: NCAP_AFA | E90: ADCF-MoTP-Stat-VPVSD-ELC | H90: UP | L90: 0.23 | R90: 0.23 | X90: NI | Y90: NCAP_COST | Z90: T_F_HTrICEDSL | AD90: MioNZDollar | AF90: 5 | AG90: 250 | AH90: 250 | AI90: 250 | AJ90: 250 | AL90: 5 | AM90: 250 | AN90: 250 | AO90: 250 | AP90: 250 | AR90: NI | AS90: COM_PROJ | AV90: CHMCL-PH-STM_HW | BB90: 0.89956004 | BC90: 0.64604072 | BD90: 0.46397278 | BE90: 0.46397278 | BF90: 0.46397278 | BG90: 0.46397278 | BH90: 0.46397278 | BI90: 0.46397278 | BJ90: 0.46397278 | BM90: 5.346 | BN90: 6.0135 | BO90: 6.7644 | BP90: 7.2845 | BQ90: 7.8446 | BR90: 5.6337 | BS90: 4.046 | BT90: 2.9057 | BU90: 2.0868
C91: NI | D91: NCAP_AFA | E91: ADCF-PUMP--ELC | H91: UP | L91: 0.23 | R91: 0.23 | X91: NI | Y91: NCAP_COST | Z91: T_F_MTrBEVELC | AD91: MioNZDollar | AF91: 5 | AG91: 188 | AH91: 123 | AI91: 112 | AJ91: 112 | AL91: 5 | AM91: 198 | AN91: 127 | AO91: 116 | AP91: 116 | AR91: NI | AS91: COM_PROJ | AV91: CNST-MoTP-Mob | BB91: 0.892158 | BC91: 0.919191 | BD91: 0.947044 | BE91: 1.019863 | BF91: 1.09828 | BG91: 1.200121 | BH91: 1.311404 | BI91: 1.433007 | BJ91: 1.565885 | BM91: 0.90292958 | BN91: 1.0156882 | BO91: 1.1424837 | BP91: 1.2303467 | BQ91: 1.324897 | BR91: 1.344893 | BS91: 1.3651538 | BT91: 1.3857456 | BU91: 1.4066685
... C109: NI | D109: NCAP_AFA | E109: AHORT-IRG-IrgVSD-ELC | H109: UP | L109: 0.16 | R109: 0.16 | X109: NI | Y109: NCAP_COST | Z109: T_P_McyICEPET | AD109: MioNZDollar | AF109: 5 | AG109: 10 | AH109: 10.230769 | AI109: 10.538462 | AJ109: 10.769231 | AL109: 5 | AM109: 10 | AN109: 10.230769 | AO109: 10.538462 | AP109: 10.769231 | AR109: NI | AS109: COM_PROJ | AV109: FOOD-RFGR | BB109: 0.37534927 | BC109: 0.39832365 | BD109: 0.42270424 | BE109: 0.45520623 | BF109: 0.49020733 | BG109: 0.53566278 | BH109: 0.58533318 | BI109: 0.63960937 | BJ109: 0.69891843 | BM109: 0.3978644 | BN109: 0.449199 | BO109: 0.502254 | BP109: 0.541161 | BQ109: 0.583605 | BR109: 0.60129 | BS109: 0.618975 | BT109: 0.640197 | BU109: 0.657882
C110: NI | D110: NCAP_AFA | E110: AHORT-LIG--ELC | H110: UP | L110: 0.23 | R110: 0.23 | X110: NI | Y110: NCAP_FOM | Z110: T_C_CBEVELC | AD110: MioNZDollar | AG110: 1.3646746 | AM110: 1.3646746 | AR110: NI | AS110: COM_PROJ | AV110: IIS-FDSTCK | BB110: 18.5 | BC110: 18.5 | BD110: 18.5 | BE110: 18.5 | BF110: 18.5 | BG110: 18.5 | BH110: 18.5 | BI110: 18.5 | BJ110: 18.5 | BM110: 18.5 | BN110: 18.5 | BO110: 18.5 | BP110: 18.5 | BQ110: 18.5 | BR110: 18.5 | BS110: 18.5 | BT110: 18.5 | BU110: 18.5
C111: NI | D111: NCAP_AFA | E111: AHORT-MoTP-Mob-MTr--DSL | H111: UP | L111: 0.02 | R111: 0.02 | X111: NI | Y111: NCAP_FOM | Z111: T_C_CFCH2R | AD111: MioNZDollar | AG111: 1.6926552 | AM111: 1.6926552 | AR111: NI | AS111: COM_PROJ | AV111: IIS-MoTP-Stat | BB111: 0.6058 | BC111: 0.6058 | BD111: 0.6058 | BE111: 0.6058 | BF111: 0.6058 | BG111: 0.6058 | BH111: 0.6058 | BI111: 0.6058 | BJ111: 0.6058 | BM111: 1.3637 | BN111: 1.534 | BO111: 1.7255 | BP111: 1.8582 | BQ111: 2.001 | BR111: 2.0312 | BS111: 2.0618 | BT111: 2.0929 | BU111: 2.1245
C112: NI | D112: NCAP_AFA | E112: AHORT-MoTP-Mob-MTr--ELC | H112: UP | L112: 0.02 | R112: 0.02 | X112: NI | Y112: NCAP_FOM | Z112: T_C_CHYBDSL | AD112: MioNZDollar | AG112: 1.2607168 | AM112: 1.2607168 | AR112: NI | AS112: COM_PROJ | AV112: IIS-PH-FURN | BB112: 2.2187 | BC112: 2.2187 | BD112: 2.2187 | BE112: 2.2187 | BF112: 2.2187 | BG112: 2.2187 | BH112: 2.2187 | BI112: 2.2187 | BJ112: 2.2187 | BM112: 2.2187 | BN112: 2.2187 | BO112: 2.2187 | BP112: 2.2187 | BQ112: 2.2187 | BR112: 2.2187 | BS112: 2.2187 | BT112: 2.2187 | BU112: 2.2187
C113: NI | D113: NCAP_AFA | E113: AHORT-MoTP-Mob-MTr--H2R | H113: UP | L113: 0.02 | R113: 0.02 | X113: NI | Y113: NCAP_FOM | Z113: T_C_CHYBPET | AD113: MioNZDollar | AG113: 1.0997919 | AM113: 1.0997919 | AR113: NI | AS113: COM_PROJ | AV113: MEAT-MoTP-Stat | BB113: 0.48762492 | BC113: 0.49730588 | BD113: 0.48176834 | BE113: 0.46671629 | BF113: 0.44576947 | BG113: 0.41975108 | BH113: 0.39525164 | BI113: 0.37218188 | BJ113: 0.35045898 | BM113: 0.48762492 | BN113: 0.49730836 | BO113: 0.45509735 | BP113: 0.41646674 | BQ113: 0.39777627 | BR113: 0.39638279 | BS113: 0.39499923 | BT113: 0.39361567 | BU113: 0.39223706
C114: NI | D114: NCAP_AFA | E114: AHORT-MoTP-Mob-Trac--DSL | H114: UP | L114: 0.06 | R114: 0.06 | X114: NI | Y114: NCAP_FOM | Z114: T_C_CICEDSL | AD114: MioNZDollar | AG114: 1.5396113 | AM114: 1.5396113 | AR114: NI | AS114: COM_PROJ | AV114: MEAT-PH-DirH | BB114: 0.031859341 | BC114: 0.032491854 | BD114: 0.031476697 | BE114: 0.03049326 | BF114: 0.029124684 | BG114: 0.027424753 | BH114: 0.025824064 | BI114: 0.024316783 | BJ114: 0.022897501 | BM114: 0.031859341 | BN114: 0.032492016 | BO114: 0.029734128 | BP114: 0.027210168 | BQ114: 0.025989012 | BR114: 0.025897968 | BS114: 0.025807572 | BT114: 0.025717176 | BU114: 0.025627104
C115: NI | D115: NCAP_AFA | E115: AHORT-MoTP-Mob-Trac--ELC | H115: UP | L115: 0.06 | R115: 0.06 | X115: NI | Y115: NCAP_FOM | Z115: T_C_CICEPET | AD115: MioNZDollar | AG115: 1.3430867 | AM115: 1.3430867 | AR115: NI | AS115: COM_PROJ | AV115: MEAT-PH-STM_HW | BB115: 1.9163787 | BC115: 1.9544251 | BD115: 1.8933622 | BE115: 1.8342072 | BF115: 1.7518857 | BG115: 1.6496328 | BH115: 1.5533493 | BI115: 1.4626845 | BJ115: 1.377313 | BM115: 1.9163787 | BN115: 1.9544349 | BO115: 1.7885445 | BP115: 1.6367252 | BQ115: 1.5632712 | BR115: 1.5577947 | BS115: 1.5523573 | BT115: 1.5469199 | BU115: 1.5415019
C116: NI | D116: NCAP_AFA | E116: AHORT-MoTP-Mob-Trac--H2R | H116: UP | L116: 0.06 | R116: 0.06 | X116: NI | Y116: NCAP_FOM | Z116: T_C_CPHEVDSL | AD116: MioNZDollar | AG116: 1.2430838 | AM116: 1.2430838 | AR116: NI | AS116: COM_PROJ | AV116: MEAT-RFGR | BB116: 1.1503779 | BC116: 1.1732167 | BD116: 1.1365614 | BE116: 1.1010514 | BF116: 1.0516348 | BG116: 0.99025367 | BH116: 0.93245593 | BI116: 0.87803101 | BJ116: 0.82678354 | BM116: 1.1503779 | BN116: 1.1732225 | BO116: 1.0736406 | BP116: 0.98250542 | BQ116: 0.93841189 | BR116: 0.93512447 | BS116: 0.93186045 | BT116: 0.92859643 | BU116: 0.9253441
C117: NI | D117: NCAP_AFA | E117: AHORT-MoTP-Mob-Uti--DSL | H117: UP | L117: 0.09 | R117: 0.09 | X117: NI | Y117: NCAP_FOM | Z117: T_C_CPHEVPET | AD117: MioNZDollar | AG117: 1.280651 | AM117: 1.280651 | AR117: NI | AS117: COM_PROJ | AV117: METAL-MoTP-Stat | BB117: 0.804 | BC117: 0.7747 | BD117: 0.7466 | BE117: 0.804 | BF117: 0.8658 | BG117: 0.9461 | BH117: 1.0338 | BI117: 1.1296 | BJ117: 1.2344 | BM117: 0.9385 | BN117: 1.0557 | BO117: 1.1875 | BP117: 1.2788 | BQ117: 1.3771 | BR117: 1.3979 | BS117: 1.419 | BT117: 1.4404 | BU117: 1.4621
C118: NI | D118: NCAP_AFA | E118: AHORT-MoTP-Mob-Uti--ELC | H118: UP | L118: 0.09 | R118: 0.09 | X118: NI | Y118: NCAP_FOM | Z118: T_F_HTrBEVELC | AD118: MioNZDollar | AG118: 15.1 | AM118: 15.14181 | AR118: NI | AS118: COM_PROJ | AV118: METAL-PH-DirH | BB118: 0.031 | BC118: 0.0299 | BD118: 0.0288 | BE118: 0.031 | BF118: 0.0334 | BG118: 0.0365 | BH118: 0.0399 | BI118: 0.0436 | BJ118: 0.0477 | BM118: 0.0362 | BN118: 0.0408 | BO118: 0.0458 | BP118: 0.0494 | BQ118: 0.0532 | BR118: 0.054 | BS118: 0.0548 | BT118: 0.0556 | BU118: 0.0565
C119: NI | D119: NCAP_AFA | E119: AHORT-MoTP-Mob-Uti--H2R | H119: UP | L119: 0.09 | R119: 0.09 | X119: NI | Y119: NCAP_FOM | Z119: T_F_HTrFCH2R | AD119: MioNZDollar | AG119: 14.9 | AM119: 14.919535 | AR119: NI | AS119: COM_PROJ | AV119: METAL-PH-FURN | BB119: 1.5751 | BC119: 1.5178 | BD119: 1.4626 | BE119: 1.575 | BF119: 1.6961 | BG119: 1.8534 | BH119: 2.0253 | BI119: 2.2131 | BJ119: 2.4183 | BM119: 1.8386 | BN119: 2.0682 | BO119: 2.3264 | BP119: 2.5053 | BQ119: 2.6979 | BR119: 2.7386 | BS119: 2.7799 | BT119: 2.8218 | BU119: 2.8643
C120: NI | D120: NCAP_AFA | E120: AHORT-MoTP-Stat-Motor-ELC | H120: UP | L120: 0.17 | R120: 0.17 | X120: NI | Y120: NCAP_FOM | Z120: T_F_HTrICEDSL | AD120: MioNZDollar | AG120: 16.4 | AM120: 16.444704 | AR120: NI | AS120: COM_PROJ | AV120: METAL-RFGR | BB120: 0.2095 | BC120: 0.2019 | BD120: 0.1946 | BE120: 0.2095 | BF120: 0.2256 | BG120: 0.2466 | BH120: 0.2694 | BI120: 0.2944 | BJ120: 0.3217 | BM120: 0.2446 | BN120: 0.2751 | BO120: 0.3095 | BP120: 0.3333 | BQ120: 0.3589 | BR120: 0.3643 | BS120: 0.3698 | BT120: 0.3754 | BU120: 0.381
C121: NI | D121: NCAP_AFA | E121: AINDC-LIG--ELC | H121: UP | L121: 0.23 | R121: 0.23 | X121: NI | Y121: NCAP_FOM | Z121: T_F_MTrBEVELC | AD121: MioNZDollar | AG121: 3.5 | AM121: 3.5336219 | AR121: NI | AS121: COM_PROJ | AV121: MNNG-MoTP-Mob | BB121: 0.6603 | BC121: 0.6803 | BD121: 0.701 | BE121: 0.7549 | BF121: 0.8129 | BG121: 0.8883 | BH121: 0.9706 | BI121: 1.0607 | BJ121: 1.159 | BM121: 0.7209 | BN121: 0.811 | BO121: 0.9122 | BP121: 0.9824 | BQ121: 1.0579 | BR121: 1.0739 | BS121: 1.09 | BT121: 1.1065 | BU121: 1.1232
... C139: NI | D139: NCAP_AFA | E139: ALIVE-MoTP-Mob-Uti--ELC | H139: UP | L139: 0.09 | R139: 0.09 | X139: NI | Y139: NCAP_FOM | Z139: T_P_McyICEPET | AD139: MioNZDollar | AG139: 0.5 | AM139: 0.5 | AR139: NI | AS139: COM_PROJ | AV139: PLPPPR-MoTP-Stat | BB139: 0.4504 | BC139: 0.4504 | BD139: 0.4504 | BE139: 0.4504 | BF139: 0.4504 | BG139: 0.4504 | BH139: 0.4504 | BI139: 0.4504 | BJ139: 0.4504 | BM139: 0.4504 | BN139: 0.4504 | BO139: 0.4504 | BP139: 0.4504 | BQ139: 0.4504 | BR139: 0.4504 | BS139: 0.4504 | BT139: 0.4504 | BU139: 0.4504
C140: NI | D140: NCAP_AFA | E140: ALIVE-MoTP-Mob-Uti--H2R | H140: UP | L140: 0.09 | R140: 0.09 | X140: NI | Y140: NCAP_START | Z140: T_C_CBEVELC | AE140: 2020 | AK140: 2020 | AR140: NI | AS140: COM_PROJ | AV140: PLPPPR-PH-DirH | BB140: 0.154 | BC140: 0.154 | BD140: 0.154 | BE140: 0.154 | BF140: 0.154 | BG140: 0.154 | BH140: 0.154 | BI140: 0.154 | BJ140: 0.154 | BM140: 0.154 | BN140: 0.154 | BO140: 0.154 | BP140: 0.154 | BQ140: 0.154 | BR140: 0.154 | BS140: 0.154 | BT140: 0.154 | BU140: 0.154
C141: NI | D141: NCAP_COST | E141: ADCF-IRG-Irg-ELC | I141: MioNZDollar | L141: 6000 | R141: 6000 | X141: NI | Y141: NCAP_START | Z141: T_C_CFCH2R | AE141: 2020 | AK141: 2020 | AR141: NI | AS141: COM_PROJ | AV141: PLPPPR-PH-FURN | BB141: 0.7775 | BC141: 0.7775 | BD141: 0.7775 | BE141: 0.7775 | BF141: 0.7775 | BG141: 0.7775 | BH141: 0.7775 | BI141: 0.7775 | BJ141: 0.7775 | BM141: 0.7775 | BN141: 0.7775 | BO141: 0.7775 | BP141: 0.7775 | BQ141: 0.7775 | BR141: 0.7775 | BS141: 0.7775 | BT141: 0.7775 | BU141: 0.7775
C142: NI | D142: NCAP_COST | E142: ADCF-IRG-IrgVSD-ELC | I142: MioNZDollar | L142: 6257.14 | R142: 6257.1429 | X142: NI | Y142: NCAP_START | Z142: T_C_CHYBDSL | AE142: 2020 | AK142: 2020 | AR142: NI | AS142: COM_PROJ | AV142: PLPPPR-PH-STM_HW | BB142: 30.8243 | BC142: 30.8243 | BD142: 30.8243 | BE142: 30.8243 | BF142: 30.8243 | BG142: 30.8243 | BH142: 30.8243 | BI142: 30.8243 | BJ142: 30.8243 | BM142: 30.8243 | BN142: 30.8243 | BO142: 30.8243 | BP142: 30.8243 | BQ142: 30.8243 | BR142: 30.8243 | BS142: 30.8243 | BT142: 30.8243 | BU142: 30.8243
...

Sheet car demand
A1: Sum of val_field | D1: year | E1: 0.8 | F1: 0.9 | G1: =F1 -> 0.9 | H1: =G1 -> 0.9 | I1: =H1 -> 0.9 | J1: =I1 -> 0.9 | K1: =J1 -> 0.9 | L1: =K1 -> 0.9 | M1: =L1 -> 0.9
A2: region | B2: commodity | C2: scenario | D2: 2018 | E2: 2020 | F2: 2025 | G2: 2030 | H2: 2035 | I2: 2040 | J2: 2045 | K2: 2050 | L2: 2055 | M2: 2060
A3: NI | B3: T_C_Car | C3: BASE | D3: 6.36
A4: NI | B4: T_C_Car | C4: NZL_0001 | E4: 6.36 | F4: 7.08 | G4: 7.94 | H4: 9.18 | I4: 10.45 | J4: 11.56 | K4: 12.85 | L4: 14.25 | M4: 15.58
A5: NI | B5: T_C_Car | C5: NZL_0002 | E5: 6.74 | F5: 7.03 | G5: 7.45 | H5: 7.89 | I5: 8.43 | J5: 9.01 | K5: 9.66 | L5: 10.58 | M5: 11.51
A6: NI | B6: T_P_Car | C6: BASE | D6: 26.71 | P6: region | Q6: commodity | R6: scenario | S6: 2018 | T6: 2020 | U6: 2025 | V6: 2030 | W6: 2035 | X6: 2040 | Y6: 2045 | Z6: 2050 | AA6: 2055 | AB6: 2060
A7: NI | B7: T_P_Car | C7: NZL_0001 | E7: 26.71 | F7: 28.37 | G7: 30.96 | H7: 34.55 | I7: 37.83 | J7: 40.08 | K7: 42.65 | L7: 45.41 | M7: 47.82 | P7: NI | Q7: T_O_JET_Int | R7: BASE | S7: 45.716103
A8: NI | B8: T_P_Car | C8: NZL_0002 | E8: 26.42 | F8: 26.64 | G8: 27.36 | H8: 28.07 | I8: 29.04 | J8: 29.98 | K8: 31.13 | L8: 33.11 | M8: 35.08 | P8: NI | Q8: T_O_JET_Int | R8: NZL_0001 | T8: 45.716103 | U8: 49.349502 | V8: 55.560463 | W8: 64.451116 | X8: 73.991378 | Y8: 84.892824 | Z8: 95.14056 | AA8: 102.7165 | AB8: 110.8957
A9: SI | B9: T_C_Car | C9: BASE | D9: 2.65 | P9: NI | Q9: T_O_JET_Int | R9: NZL_0002 | T9: 48.744455 | U9: 53.518676 | V9: 59.407196 | W9: 65.04728 | X9: 69.800488 | Y9: 70.886291 | Z9: 67.656479 | AA9: 64.046806 | AB9: 60.629719
A10: SI | B10: T_C_Car | C10: NZL_0001 | E10: 2.65 | F10: 2.95 | G10: 3.31 | H10: 3.83 | I10: 4.36 | J10: 4.82 | K10: 5.36 | L10: 5.94 | M10: 6.49 | P10: SI | Q10: T_O_JET_Int | R10: BASE | S10: 11.429026
A11: SI | B11: T_C_Car | C11: NZL_0002 | E11: 2.81 | F11: 2.93 | G11: 3.11 | H11: 3.29 | I11: 3.52 | J11: 3.75 | K11: 4.03 | L11: 4.41 | M11: 4.8 | P11: SI | Q11: T_O_JET_Int | R11: NZL_0001 | T11: 11.429026 | U11: 12.296696 | V11: 13.775821 | W11: 15.884485 | X11: 18.165421 | Y11: 20.793191 | Z11: 23.265394 | AA11: 25.086356 | AB11: 27.049843
A12: SI | B12: T_P_Car | C12: BASE | D12: 9.32 | P12: SI | Q12: T_O_JET_Int | R12: NZL_0002 | T12: 12.159827 | U12: 13.295971 | V12: 14.668574 | W12: 15.989388 | X12: 17.106946 | Y12: 17.337362 | Z12: 16.525932 | AA12: 15.623915 | AB12: 14.771132
A13: SI | B13: T_P_Car | C13: NZL_0001 | E13: 9.32 | F13: 9.9 | G13: 10.8 | H13: 12.05 | I13: 13.2 | J13: 13.98 | K13: 14.88 | L13: 15.84 | M13: 16.68
A14: SI | B14: T_P_Car | C14: NZL_0002 | E14: 9.22 | F14: 9.29 | G14: 9.55 | H14: 9.79 | I14: 10.13 | J14: 10.46 | K14: 10.86 | L14: 11.55 | M14: 12.24
A16: NI | B16: T_O_JET_Int | C16: BASE | D16: 45.716103
A17: NI | B17: T_O_JET_Int | C17: NZL_0001 | E17: 45.716103 | F17: 49.349502 | G17: 55.560463 | H17: 64.451116 | I17: 73.991378 | J17: 84.892824 | K17: 95.14056 | L17: 102.7165 | M17: 110.8957
A18: NI | B18: T_O_JET_Int | C18: NZL_0002 | E18: 48.744455 | F18: 53.518676 | G18: 59.407196 | H18: 65.04728 | I18: 69.800488 | J18: 70.886291 | K18: 67.656479 | L18: 64.046806 | M18: 60.629719
A19: SI | B19: T_O_JET_Int | C19: BASE | D19: 11.429026
A20: SI | B20: T_O_JET_Int | C20: NZL_0001 | E20: 11.429026 | F20: 12.296696 | G20: 13.775821 | H20: 15.884485 | I20: 18.165421 | J20: 20.793191 | K20: 23.265394 | L20: 25.086356 | M20: 27.049843
A21: SI | B21: T_O_JET_Int | C21: NZL_0002 | E21: 12.159827 | F21: 13.295971 | G21: 14.668574 | H21: 15.989388 | I21: 17.106946 | J21: 17.337362 | K21: 16.525932 | L21: 15.623915 | M21: 14.771132
E23: =E17+E20 -> 57.145129 | F23: =F17+F20 -> 61.646198 | G23: =G17+G20 -> 69.336284 | H23: =H17+H20 -> 80.335601 | I23: =I17+I20 -> 92.156799 | J23: =J17+J20 -> 105.68602 | K23: =K17+K20 -> 118.40595 | L23: =L17+L20 -> 127.80285 | M23: =M17+M20 -> 137.94554
A25: ~TFM_INS-TS | P25: =VLOOKUP('kea-tui'!A1,'kea-tui'!$E$1:$F$4,2,FALSE) -> kea
A26: region | B26: commodity | C26: attribute | D26: limtype | E26: 2020 | F26: 2025 | G26: 2030 | H26: 2035 | I26: 2040 | J26: 2045 | K26: 2050 | L26: 2055 | M26: 2060
A27: NI | B27: T_C_Car | C27: =IF(P27=$P$25,"demand","\I:") -> \I: | D27: =IF(E27=0,"\I:","") -> \I: | P27: BASE
A28: NI | B28: T_C_Car | C28: =IF(P28=$P$25,"demand","\I:") -> \I: | D28: =IF(E28=0,"\I:","") | E28: =E4*E$1 -> 5.088 | F28: =F4 -> 7.08 | G28: =G4 -> 7.94 | H28: =H4 -> 9.18 | I28: =I4 -> 10.45 | J28: =J4 -> 11.56 | K28: =K4 -> 12.85 | L28: =L4 -> 14.25 | M28: =M4 -> 15.58 | P28: tui
A29: NI | B29: T_C_Car | C29: =IF(P29=$P$25,"demand","\I:") -> demand | D29: =IF(E29=0,"\I:","") | E29: =E5*E$1 -> 5.392 | F29: =F5 -> 7.03 | G29: =G5 -> 7.45 | H29: =H5 -> 7.89 | I29: =I5 -> 8.43 | J29: =J5 -> 9.01 | K29: =K5 -> 9.66 | L29: =L5 -> 10.58 | M29: =M5 -> 11.51 | P29: kea
A30: NI | B30: T_P_Car | C30: =IF(P30=$P$25,"demand","\I:") -> \I: | D30: =IF(E30=0,"\I:","") -> \I: | P30: =P27 -> BASE
A31: NI | B31: T_P_Car | C31: =IF(P31=$P$25,"demand","\I:") -> \I: | D31: =IF(E31=0,"\I:","") | E31: =E7*E$1 -> 21.368 | F31: =F7*F$1 -> 25.533 | G31: =G7*G$1 -> 27.864 | H31: =H7*H$1 -> 31.095 | I31: =I7*I$1 -> 34.047 | J31: =J7*J$1 -> 36.072 | K31: =K7*K$1 -> 38.385 | L31: =L7*L$1 -> 40.869 | M31: =M7*M$1 -> 43.038 | P31: =P28 -> tui
A32: NI | B32: T_P_Car | C32: =IF(P32=$P$25,"demand","\I:") -> demand | D32: =IF(E32=0,"\I:","") | E32: =E8*E$1 -> 21.136 | F32: =F8*F$1 -> 23.976 | G32: =G8*G$1 -> 24.624 | H32: =H8*H$1 -> 25.263 | I32: =I8*I$1 -> 26.136 | J32: =J8*J$1 -> 26.982 | K32: =K8*K$1 -> 28.017 | L32: =L8*L$1 -> 29.799 | M32: =M8*M$1 -> 31.572 | P32: =P29 -> kea
A33: SI | B33: T_C_Car | C33: =IF(P33=$P$25,"demand","\I:") -> \I: | D33: =IF(E33=0,"\I:","") -> \I: | P33: =P30 -> BASE
A34: SI | B34: T_C_Car | C34: =IF(P34=$P$25,"demand","\I:") -> \I: | D34: =IF(E34=0,"\I:","") | E34: =E10*E$1 -> 2.12 | F34: =F10 -> 2.95 | G34: =G10 -> 3.31 | H34: =H10 -> 3.83 | I34: =I10 -> 4.36 | J34: =J10 -> 4.82 | K34: =K10 -> 5.36 | L34: =L10 -> 5.94 | M34: =M10 -> 6.49 | P34: =P31 -> tui
A35: SI | B35: T_C_Car | C35: =IF(P35=$P$25,"demand","\I:") -> demand | D35: =IF(E35=0,"\I:","") | E35: =E11*E$1 -> 2.248 | F35: =F11 -> 2.93 | G35: =G11 -> 3.11 | H35: =H11 -> 3.29 | I35: =I11 -> 3.52 | J35: =J11 -> 3.75 | K35: =K11 -> 4.03 | L35: =L11 -> 4.41 | M35: =M11 -> 4.8 | P35: =P32 -> kea
A36: SI | B36: T_P_Car | C36: =IF(P36=$P$25,"demand","\I:") -> \I: | D36: =IF(E36=0,"\I:","") -> \I: | P36: =P33 -> BASE
A37: SI | B37: T_P_Car | C37: =IF(P37=$P$25,"demand","\I:") -> \I: | D37: =IF(E37=0,"\I:","") | E37: =E13*E$1 -> 7.456 | F37: =F13*F$1 -> 8.91 | G37: =G13*G$1 -> 9.72 | H37: =H13*H$1 -> 10.845 | I37: =I13*I$1 -> 11.88 | J37: =J13*J$1 -> 12.582 | K37: =K13*K$1 -> 13.392 | L37: =L13*L$1 -> 14.256 | M37: =M13*M$1 -> 15.012 | P37: =P34 -> tui
A38: SI | B38: T_P_Car | C38: =IF(P38=$P$25,"demand","\I:") -> demand | D38: =IF(E38=0,"\I:","") | E38: =E14*E$1 -> 7.376 | F38: =F14*F$1 -> 8.361 | G38: =G14*G$1 -> 8.595 | H38: =H14*H$1 -> 8.811 | I38: =I14*I$1 -> 9.117 | J38: =J14*J$1 -> 9.414 | K38: =K14*K$1 -> 9.774 | L38: =L14*L$1 -> 10.395 | M38: =M14*M$1 -> 11.016 | P38: =P35 -> kea
C39: *
A40: =A16 -> NI | B40: =B16 -> T_O_JET_Int | C40: =IF(P40=$P$25,"demand","\I:") -> \I: | D40: =IF(E40=0,"\I:","") -> \I: | P40: BASE
A41: =A17 -> NI | B41: =B17 -> T_O_JET_Int | C41: =IF(P41=$P$25,"demand","\I:") -> \I: | D41: =IF(E41=0,"\I:","") | E41: =E17*E$1^2 -> 29.258306 | F41: =F17*F$1^2 -> 39.973097 | G41: =G17*G$1^2 -> 45.003975 | H41: =H17*H$1^2 -> 52.205404 | I41: =I17*I$1^2 -> 59.933016 | J41: =J17*J$1^2 -> 68.763188 | K41: =K17*K$1^2 -> 77.063854 | L41: =L17*L$1^2 -> 83.200363 | M41: =M17*M$1^2 -> 89.825516 | P41: tui
A42: =A18 -> NI | B42: =B18 -> T_O_JET_Int | C42: =IF(P42=$P$25,"demand","\I:") -> demand | D42: =IF(E42=0,"\I:","") | E42: =E41 -> 29.258306 | F42: =F41 -> 39.973097 | G42: =G41 -> 45.003975 | H42: =H41 -> 52.205404 | I42: =I18*I$1^2 -> 56.538396 | J42: =J18*J$1^2 -> 57.417896 | K42: =K18*K$1^2 -> 54.801748 | L42: =L18*L$1^2 -> 51.877913 | M42: =M18*M$1^2 -> 49.110072 | P42: kea
A43: =A19 -> SI | B43: =B19 -> T_O_JET_Int | C43: =IF(P43=$P$25,"demand","\I:") -> \I: | D43: =IF(E43=0,"\I:","") -> \I: | P43: =P40 -> BASE
A44: =A20 -> SI | B44: =B20 -> T_O_JET_Int | C44: =IF(P44=$P$25,"demand","\I:") -> \I: | D44: =IF(E44=0,"\I:","") | E44: =E20*E$1^2 -> 7.3145765 | F44: =F20*F$1^2 -> 9.9603235 | G44: =G20*G$1^2 -> 11.158415 | H44: =H20*H$1^2 -> 12.866433 | I44: =I20*I$1^2 -> 14.713991 | J44: =J20*J$1^2 -> 16.842485 | K44: =K20*K$1^2 -> 18.844969 | L44: =L20*L$1^2 -> 20.319948 | M44: =M20*M$1^2 -> 21.910373 | P44: =P41 -> tui
A45: =A21 -> SI | B45: =B21 -> T_O_JET_Int | C45: =IF(P45=$P$25,"demand","\I:") -> demand | D45: =IF(E45=0,"\I:","") | E45: =E44 -> 7.3145765 | F45: =F44 -> 9.9603235 | G45: =G44 -> 11.158415 | H45: =H44 -> 12.866433 | I45: =I21*I$1^2 -> 13.856626 | J45: =J21*J$1^2 -> 14.043263 | K45: =K21*K$1^2 -> 13.386005 | L45: =L21*L$1^2 -> 12.655371 | M45: =M21*M$1^2 -> 11.964617 | P45: =P42 -> kea

Sheet transport
A1: =Veda!$E$5 -> nz | E1: ~UC_Sets: R_S: AllRegions
Q2: Source: EV uptake report
Q3: Table 36 EV Import Limit Assumptions for LPVs | W3: LPV+LCV
F4: ~UC_T: UC_NCAP | R4: BEVs | T4: PHEVs | W4: 240000
D5: UC_N | E5: Pset_PN | F5: LimType | G5: =H5-5 -> 2017 | H5: =VLOOKUP($A$1,$R$18:$S$22,2,FALSE) -> 2022 | I5: =H5+5 -> 2027 | J5: =I5+5 -> 2032 | K5: =J5+3 -> 2035 | L5: UC_RHST | M5: UC_RHST~0 | N5: UC_Desc | R5: Limit | S5: % of LPV imports | T5: Limit | U5: % of LPV imports
D6: MAX_BEV_UPTAKE | E6: T_P_C*BEV*,T_P_C*H2R* | F6: LO | G6: =+G7-1 -> -0.942 | H6: =+H7-1 -> -0.812 | I6: =+I7-1 -> -0.45 | J6: =+J7-1 -> -0.13 | K6: =+K7-1 -> 0 | L6: 0 | M6: 5 | N6: Max number of BEV cars per year | Q6: 2020 | R6: =+$V$6*S6 -> 0 | S6: 0.03 | T6: =+$V$6*U6 -> 0 | U6: 0.01
E7: T_P_C*,-T_P_C*BEV*,-T_P_C*H2R* | G7: 0.058 | H7: 0.188 | I7: 0.55 | J7: 0.87 | K7: 1 | Q7: 2025 | R7: =+$V$6*S7 -> 0 | S7: 0.03 | T7: =+$V$6*U7 -> 0 | U7: 0.01
Q8: 2030 | R8: =+$V$6*S8 -> 0 | S8: 0.11 | T8: =+$V$6*U8 -> 0 | U8: 0.02
Q9: 2035 | R9: =+$V$6*S9 -> 0 | S9: 0.42 | T9: =+$V$6*U9 -> 0 | U9: 0.04
F10: ~UC_T: UC_NCAP | Q10: 2040 | R10: =+$V$6*S10 -> 0 | S10: 0.65 | T10: =+$V$6*U10 -> 0 | U10: 0.07 | W10: 0.99999
D11: UC_N | E11: Pset_PN | F11: LimType | G11: =H11-5 -> 2017 | H11: =$H$5 -> 2022 | I11: =H11+5 -> 2027 | J11: =I11+5 -> 2032 | K11: =J11+20 -> 2052 | L11: UC_RHST | M11: UC_RHST~0 | N11: UC_Desc | Q11: 2045 | R11: =+$V$6*S11 -> 0 | S11: 0.9 | T11: =+$V$6*U11 -> 0 | U11: 0.11 | W11: 1
D12: MAX_PHEV_UPTAKE | E12: T_P_C*PHEV* | F12: LO | G12: =+G13-1 -> -0.99 | H12: =+H13-1 -> -0.909 | I12: =+I13-1 -> -0.74 | J12: =+J13-1 -> -0.3 | K12: =+K13-1 -> 0 | L12: 0 | M12: 5 | N12: Max number of PHEV cars per year | Q12: 2050 | R12: =+$V$6*S12 -> 0 | S12: 1 | T12: =+$V$6*U12 -> 0 | U12: 0.15 | W12: 1
E13: T_P_C*,-T_P_C*PHEV* | G13: 0.01 | H13: 0.091 | I13: 0.26 | J13: 0.7 | K13: 1 | Q13: 2055 | R13: =+$V$6*S13 -> 0 | S13: 1 | T13: =+$V$6*U13 -> 0 | U13: 0.17 | W13: 1
F16: ~UC_T: UC_NCAP
D17: UC_N | E17: Pset_PN | F17: LimType | G17: * | H17: =$H$5 -> 2022 | I17: =H17+5 -> 2027 | J17: =I17+5 -> 2032 | K17: =J17+5 -> 2037 | L17: UC_RHST | M17: UC_RHST~0 | N17: UC_Desc
D18: MAX_BEV_UPTAKE_commercial | E18: T_C_C*BEV*,T_C_C*H2R* | F18: LO | H18: -0.97 | I18: -0.89 | J18: -0.58 | K18: -1e-05 | L18: 0 | M18: 5 | N18: Max number of BEV commercial cars per year | R18: bas | S18: 2030
E19: T_C_C*,-T_C_C*BEV*,-T_c_C*H2R* | H19: 0.03 | I19: 0.11 | J19: 0.42 | K19: 0.99999 | R19: tui | S19: 2029
R20: kea | S20: 2028
R21: nz | S21: 2022
F22: ~UC_T: UC_NCAP
D23: UC_N | E23: Pset_PN | F23: LimType | G23: * | H23: =$H$5 -> 2022 | I23: =H23+5 -> 2027 | J23: =I23+5 -> 2032 | K23: =J23+20 -> 2052 | L23: UC_RHST | M23: UC_RHST~0 | N23: UC_Desc
D24: MAX_PHEV_UPTAKE_commercial | E24: T_C_C*PHEV* | F24: LO | H24: -0.99 | I24: -0.98 | J24: -0.96 | K24: -0.83 | L24: 0 | M24: 5 | N24: Max number of PHEV commerical cars per year
E25: T_C_C*,-T_C_C*PHEV* | H25: 0.01 | I25: 0.02 | J25: 0.04 | K25: 0.17
F28: ~UC_T: UC_NCAP
D29: UC_N | E29: Pset_PN | F29: LimType | G29: * | H29: =$H$5 -> 2022 | I29: =H29+5 -> 2027 | J29: =I29+5 -> 2032 | K29: =J29+5 -> 2037 | L29: =K29+5 -> 2042 | M29: UC_RHST | N29: UC_RHST~0 | O29: UC_Desc
D30: MAX_VHTBEV_UPTAKE | E30: T_F_V*BEV*,T_F_V*H2R* | F30: LO | H30: -0.97 | I30: -0.89 | J30: =I30+0.2 -> -0.69 | K30: =J30+0.2 -> -0.49 | L30: =K30+0.2 -> -0.29 | M30: 0 | N30: 5 | O30: Max number of BEV very heavy trucks
E31: T_F_V*,-T_F_V*BEV*,-T_F_V*H2R* | H31: 0.03 | I31: 0.11 | J31: =1+J30 -> 0.31 | K31: =1+K30 -> 0.51 | L31: =1+L30 -> 0.71
F34: ~UC_T: UC_NCAP
D35: UC_N | E35: Pset_PN | F35: LimType | G35: * | H35: =$H$5 -> 2022 | I35: =H35+5 -> 2027 | J35: =I35+5 -> 2032 | K35: =J35+5 -> 2037 | L35: =K35+5 -> 2042 | M35: UC_RHST | N35: UC_RHST~0 | O35: UC_Desc
D36: MAX_HTBEV_UPTAKE | E36: T_F_H*BEV* | F36: LO | H36: -1 | I36: -0.75 | J36: =I36+0.2 -> -0.55 | K36: =J36+0.2 -> -0.35 | L36: =K36+0.2 -> -0.15 | M36: 0 | N36: 5 | O36: Max number of BEV heavy trucks
E37: T_F_H*,-T_F_H*BEV* | H37: 0 | I37: =1+I36 -> 0.25 | J37: =1+J36 -> 0.45 | K37: =1+K36 -> 0.65 | L37: =1+L36 -> 0.85

Sheet co2 budget
A1: =Veda!$E$5 -> nz | B1: kea | C1: ='kea-tui'!A1 -> kea
B3: ~UC_Sets: R_S: AllRegions
B4: ~UC_Sets: T_S:
G6: =IF(C1=B1,"~UC_T","No CO2 budget") -> ~UC_T
D7: UC_N | E7: commodity | F7: Year | G7: LimType | H7: UC_COMNET | I7: UC_RHSTS | J7: UC_RHSTS~0 | K7: UC_Desc
D8: UC_TOTCO2CAP | E8: co2net | F8: 2025 | G8: UP | H8: 1 | I8: 29443.6 | J8: 5 | K8: CCC Climate Budgets
E9: co2net | F9: 2030 | G9: UP | H9: 1 | I9: 24951.46
E10: co2net | F10: 2035 | G10: UP | H10: 1 | I10: 18884.91
E11: co2net | F11: 2040 | G11: UP | H11: 1 | I11: 12911.14
E12: co2net | F12: 2045 | G12: UP | H12: 1 | I12: 8366.587
E13: co2net | F13: 2050 | G13: UP | H13: 1 | I13: 5276.346
A16: tui | B16: 18.8177 | C16: 24.5 | D16: 30 | E16: 37.92095 | F16: 43.3419 | G16: 48.76285 | H16: 54.1838 | I16: 59.60475 | J16: 65.0257 | K16: 70.4465 | L16: 75.8675 | M16: 81.2885 | N16: 86.7095 | O16: 88.786 | P16: 90.9245 | Q16: 93.127 | R16: 95.396 | S16: 97.7325 | T16: 100.1395 | U16: 102.619 | V16: 105.1725 | W16: 107.8025 | X16: 110.5115 | Y16: 113.302 | Z16: 116.176 | AA16: 119.1365 | AB16: 122.1855 | AC16: 125.326 | AD16: 128.561 | AE16: 131.8925 | AF16: 135.3245 | AG16: 138.859 | AH16: 142.5
B20: 2018 | C20: 2019 | D20: 2020 | E20: 2021 | F20: 2022 | G20: 2023 | H20: 2024 | I20: 2025 | J20: 2026 | K20: 2027 | L20: 2028 | M20: 2029 | N20: 2030 | O20: 2031 | P20: 2032 | Q20: 2033 | R20: 2034 | S20: 2035 | T20: 2036 | U20: 2037 | V20: 2038 | W20: 2039 | X20: 2040 | Y20: 2041 | Z20: 2042 | AA20: 2043 | AB20: 2044 | AC20: 2045 | AD20: 2046 | AE20: 2047 | AF20: 2048 | AG20: 2049 | AH20: 2050 | AJ20: 2025 | AK20: 2050
A21: kea | B21: 18.8177 | C21: 24.5 | D21: 30 | E21: 40.8419 | F21: 51.6838 | G21: 62.5257 | H21: 73.3676 | I21: 84.2095 | J21: 95.0514 | K21: 105.893 | L21: 116.735 | M21: 127.577 | N21: 138.419 | O21: 142.572 | P21: 146.849 | Q21: 151.254 | R21: 155.792 | S21: 160.465 | T21: 165.279 | U21: 170.238 | V21: 175.345 | W21: 180.605 | X21: 186.023 | Y21: 191.604 | Z21: 197.352 | AA21: 203.273 | AB21: 209.371 | AC21: 215.652 | AD21: 222.122 | AE21: 228.785 | AF21: 235.649 | AG21: 242.718 | AH21: 250 | AJ21: 1 | AK21: 4
A22: tui | B22: =AVERAGE(B21,B23) -> 18.8177 | C22: =AVERAGE(C21,C23) -> 24.5 | D22: =AVERAGE(D21,D23) -> 30 | E22: =AVERAGE(E21,E23) -> 37.92095 | F22: =AVERAGE(F21,F23) -> 43.3419 | G22: =AVERAGE(G21,G23) -> 48.76285 | H22: =AVERAGE(H21,H23) -> 54.1838 | I22: {=TREND($E$35:$J$35,$E$34:$J$34,I$20)/0.6} -> 26.666667 | J22: {=TREND($E$35:$J$35,$E$34:$J$34,J$20)/0.6} -> 33.133333 | K22: {=TREND($E$35:$J$35,$E$34:$J$34,K$20)/0.6} -> 39.6 | L22: {=TREND($E$35:$J$35,$E$34:$J$34,L$20)/0.6} -> 46.066667 | M22: {=TREND($E$35:$J$35,$E$34:$J$34,M$20)/0.6} -> 52.533333 | N22: {=TREND($E$35:$J$35,$E$34:$J$34,N$20)/0.6} -> 59 | O22: {=TREND($E$35:$J$35,$E$34:$J$34,O$20)/0.6} -> 65.466667 | P22: {=TREND($E$35:$J$35,$E$34:$J$34,P$20)/0.6} -> 71.933333 | ... AH22: {=TREND($E$35:$J$35,$E$34:$J$34,AH$20)/0.6} -> 188.33333 | AJ22: 1 | AK22: 3.5
A23: bas | B23: 18.8177 | C23: 24.5 | D23: 30 | E23: 35 | F23: 35 | G23: 35 | H23: 35 | I23: 35 | J23: 35 | K23: 35 | L23: 35 | M23: 35 | N23: 35 | O23: 35 | P23: 35 | Q23: 35 | R23: 35 | S23: 35 | T23: 35 | U23: 35 | V23: 35 | W23: 35 | X23: 35 | Y23: 35 | Z23: 35 | AA23: 35 | AB23: 35 | AC23: 35 | AD23: 35 | AE23: 35 | AF23: 35 | AG23: 35 | AH23: 35
A24: nz | B24: =B21 -> 18.8177 | C24: =C21 -> 24.5 | D24: =D21 -> 30 | E24: =E21 -> 40.8419 | F24: =F21 -> 51.6838 | G24: =G21 -> 62.5257 | H24: =H21 -> 73.3676 | I24: {=TREND($E$36:$J$36,$E$34:$J$34,I$20)/0.6} -> 274.20635 | J24: {=TREND($E$36:$J$36,$E$34:$J$34,J$20)/0.6} -> 302.09206 | K24: {=TREND($E$36:$J$36,$E$34:$J$34,K$20)/0.6} -> 329.97778 | L24: {=TREND($E$36:$J$36,$E$34:$J$34,L$20)/0.6} -> 357.86349 | M24: {=TREND($E$36:$J$36,$E$34:$J$34,M$20)/0.6} -> 385.74921 | N24: {=TREND($E$36:$J$36,$E$34:$J$34,N$20)/0.6} -> 413.63492 | O24: {=TREND($E$36:$J$36,$E$34:$J$34,O$20)/0.6} -> 441.52063 | P24: {=TREND($E$36:$J$36,$E$34:$J$34,P$20)/0.6} -> 469.40635 | ... AH24: {=TREND($E$36:$J$36,$E$34:$J$34,AH$20)/0.6} -> 971.34921
A27: ~TFM_INS-TS: attribute=com_taxnet; curr=MioNZDollar
A28: commodity | B28: =B20 -> 2018 | C28: =C20 -> 2019 | D28: =D20 -> 2020 | E28: =E20 -> 2021 | F28: =F20 -> 2022 | G28: =G20 -> 2023 | H28: =H20 -> 2024 | I28: =I20 -> 2025 | ... AH28: =AH20 -> 2050
A29: co2net | B29: =SUMIF($A$21:$A$24,$A$1,B$21:B$24)/1000 -> 0.0188177 | C29: =SUMIF($A$21:$A$24,$A$1,C$21:C$24)/1000 -> 0.0245 | D29: =SUMIF($A$21:$A$24,$A$1,D$21:D$24)/1000 -> 0.03 | E29: =SUMIF($A$21:$A$24,$A$1,E$21:E$24)/1000 -> 0.0408419 | F29: =SUMIF($A$21:$A$24,$A$1,F$21:F$24)/1000 -> 0.0516838 | G29: =SUMIF($A$21:$A$24,$A$1,G$21:G$24)/1000 -> 0.0625257 | H29: =SUMIF($A$21:$A$24,$A$1,H$21:H$24)/1000 -> 0.0733676 | I29: =SUMIF($A$21:$A$24,$A$1,I$21:I$24)/1000 -> 0.27420635 | ... AH29: =SUMIF($A$21:$A$24,$A$1,AH$21:AH$24)/1000 -> 0.97134921
E34: 2025 | F34: 2030 | G34: 2035 | H34: 2040 | I34: 2045 | J34: 2050
E35: 17 | F35: 35 | G35: 52 | H35: 76 | I35: 95 | J35: 112
E36: 175 | F36: 242 | G36: 335 | H36: 407 | I36: 479 | J36: 604

Sheet ev_charging_uc
A10: =IFERROR(Veda!D5,"ts_12t") -> ts_012 | C10: day_night | D10: ts_012 | F10: day_night | G10: ts_048 | I10: day_night | J10: ts_annual | L10: day_night | M10: ts_12t
C11: D | D11: S02aH02,S03aH02,S01aH02,S04aH02 | F11: D | G11: S02aH04,S04aH03,S07aH04,S08aH03,S01aH02,S04aH04,S03aH04,S01aH04,S07aH02,S08aH02,S03aH03,S05aH04,S06aH02,S06aH03,S01aH03,S05aH02,S05aH03,S02aH02,S03aH02,S02aH03,S07aH03,S06aH04,S08aH04,S04aH02 | I11: D | J11: AllSaAllH | L11: D | M11: SaD,WaD,RaP,WaP,FaD,FaP,SaP,RaD
C12: N | D12: S03aH01,S03aH03,S01aH01,S04aH01,S04aH03,S01aH03,S02aH01,S02aH03 | F12: N | G12: S02aH06,S03aH05,S05aH05,S02aH01,S05aH06,S01aH05,S03aH06,S06aH05,S05aH01,S07aH06,S08aH01,S08aH05,S04aH05,S06aH01,S06aH06,S01aH06,S07aH01,S08aH06,S03aH01,S01aH01,S04aH01,S04aH06,S02aH05,S07aH05 | I12: N | J12: AllSaAllH | L12: N | M12: FaP,SaP,FaN,WaP,RaN,RaP,SaN,WaN
I17: 0.75 | K17: share of charging at night
C18: ~UC_Sets: R_E: AllRegions
H21: =IF(H23=H24,"Not Required!","~UC_T: LO") -> ~UC_T: LO
C22: UC_N | D22: Pset_CI | E22: Pset_CO | F22: pset_pn | G22: Cset_CN | H22: TimeSlice | I22: UC_FLO | J22: UC_RHSRT | K22: UC_RHSRT~0
C23: UC_bev night chg limit | D23: TRAELC | F23: *EV* | G23: AuxStoIN | H23: =HLOOKUP($A$10,$D$10:$CU$12,3,FALSE) -> S03aH01,S03aH03,S01aH01,S04aH01,S04aH03,S01aH03,S02aH01,S02aH03 | I23: =1+I24 -> 0.25 | J23: 0 | K23: 3 | M23: night
D24: TRAELC | F24: *EV* | G24: AuxStoIN | H24: =HLOOKUP($A$10,$D$10:$CU$12,2,FALSE) -> S02aH02,S03aH02,S01aH02,S04aH02 | I24: =-$I$17 -> -0.75 | M24: day

Sheet ts_012
C9: =IF(A11="x","DeActivated","~TimeSlices") -> ~TimeSlices | I9: =IF(A11="x","DeActivated","~TFM_DINS-AT") -> ~TFM_DINS-AT | N9: =IF(A11="x","DeActivated","~TFM_DINS-AT") -> ~TFM_DINS-AT | S9: =IF(A11="x","DeActivated","~TFM_DINS-AT") -> ~TFM_DINS-AT | X9: =IF(A11="x","DeActivated","~TFM_INS-AT") -> ~TFM_INS-AT | AC9: =IF(A11="x","DeActivated","~TFM_INS-AT") -> ~TFM_INS-AT | AG9: =IF(A11="x","DeActivated","~TFM_DINS-AT") -> ~TFM_DINS-AT | AK9: =IF(A11="x","DeActivated","~TFM_INS-AT") -> ~TFM_INS-AT
A10: ts_012 | C10: season | D10: weekly | E10: daynite | F10: wparent | G10: dparent | I10: commodity | J10: timeslice | K10: com_fr | L10: process | N10: commodity | O10: timeslice | P10: com_fr | Q10: process | S10: commodity | T10: timeslice | U10: com_fr | V10: process | X10: g_yrfr | Y10: com_fr | Z10: timeslice | AA10: cset_set | AC10: cset_set | AD10: timeslice | AE10: com_fr | AG10: commodity | AH10: timeslice | AI10: com_pkflx | AK10: Year | AL10: timeslice | AM10: ncap_afs | AN10: pset_ci
A11: =IFERROR(IF(Veda!D5=A10,"ok","x"),"") -> ok | C11: S01 | D11: a | E11: H01 | F11: S01,S02,S03,S04 | G11: a | I11: elc_spv_001 | J11: S01aH01 | K11: 0.0042037487 | L11: IMPNRGZ | N11: elc_won_001 | O11: S01aH01 | P11: 0.040922778 | Q11: IMPNRGZ | S11: elc_wof_001 | T11: S01aH01 | U11: 0.053342882 | V11: IMPNRGZ | X11: 0.047146119 | Y11: 0.018618866 | Z11: S01aH01 | AA11: dem_transport | AC11: dem_agriculture,dem_commercial,dem_industry,dem_residential | AD11: S01aH01 | AE11: 0.05126905 | AG11: ELC | AH11: S01aH01 | AI11: 0.054527255 | AK11: 2020 | AL11: S01 | AM11: 0.48784461 | AN11: hydro
C12: S02 | E12: H02 | G12: a | I12: elc_spv_001 | J12: S01aH02 | K12: 0.24139678 | L12: IMPNRGZ | N12: elc_won_001 | O12: S01aH02 | P12: 0.073425397 | Q12: IMPNRGZ | S12: elc_wof_001 | T12: S01aH02 | U12: 0.098239817 | V12: IMPNRGZ | X12: 0.080821918 | Y12: 0.11760005 | Z12: S01aH02 | AA12: dem_transport | AC12: dem_agriculture,dem_commercial,dem_industry,dem_residential | AD12: S01aH02 | AE12: 0.066219522 | AG12: ELC | AH12: S01aH02 | AI12: 0.22109836 | AK12: 2020 | AL12: S02 | AM12: 0.46480916 | AN12: hydro
C13: S03 | E13: H03 | G13: a | I13: elc_spv_001 | J13: S01aH03 | K13: 0.013078311 | L13: IMPNRGZ | N13: elc_won_001 | O13: S01aH03 | P13: 0.030778153 | Q13: IMPNRGZ | S13: elc_wof_001 | T13: S01aH03 | U13: 0.040723397 | V13: IMPNRGZ | X13: 0.033675799 | Y13: 0.025424923 | Z13: S01aH03 | AA13: dem_transport | AC13: dem_agriculture,dem_commercial,dem_industry,dem_residential | AD13: S01aH03 | AE13: 0.035683016 | AG13: ELC | AH13: S01aH03 | AI13: 0.074409023 | AK13: 2020 | AL13: S03 | AM13: 0.50477348 | AN13: hydro
C14: S04 | I14: elc_spv_001 | J14: S02aH01 | K14: 0 | L14: IMPNRGZ | N14: elc_won_001 | O14: S02aH01 | P14: 0.0858366 | Q14: IMPNRGZ | S14: elc_wof_001 | T14: S02aH01 | U14: 0.10466019 | V14: IMPNRGZ | X14: 0.097488584 | Y14: 0.038500029 | Z14: S02aH01 | AA14: dem_transport | AC14: dem_agriculture,dem_commercial,dem_industry,dem_residential | AD14: S02aH01 | AE14: 0.11053902 | AG14: ELC | AH14: S02aH01 | AI14: 0.19212715 | AK14: 2020 | AL14: S04 | AM14: 0.5086855 | AN14: hydro
I15: elc_spv_001 | J15: S02aH02 | K15: 0.22616151 | L15: IMPNRGZ | N15: elc_won_001 | O15: S02aH02 | P15: 0.15028546 | Q15: IMPNRGZ | S15: elc_wof_001 | T15: S02aH02 | U15: 0.18218937 | V15: IMPNRGZ | X15: 0.16712329 | Y15: 0.24317298 | Z15: S02aH02 | AA15: dem_transport | AC15: dem_agriculture,dem_commercial,dem_industry,dem_residential | AD15: S02aH02 | AE15: 0.14560008 | AG15: ELC | AH15: S02aH02 | AI15: 0.40616617 | AK15: 2021 | AL15: S01 | AM15: 0.44433726 | AN15: hydro
I16: elc_spv_001 | J16: S02aH03 | K16: 0.0013351281 | L16: IMPNRGZ | N16: elc_won_001 | O16: S02aH03 | P16: 0.061458504 | Q16: IMPNRGZ | S16: elc_wof_001 | T16: S02aH03 | U16: 0.073206055 | V16: IMPNRGZ | X16: 0.069634703 | Y16: 0.052573569 | Z16: S02aH03 | AA16: dem_transport | AC16: dem_agriculture,dem_commercial,dem_industry,dem_residential | AD16: S02aH03 | AE16: 0.076736713 | AG16: ELC | AH16: S02aH03 | AI16: 0.24372057 | AK16: 2021 | AL16: S02 | AM16: 0.43701326 | AN16: hydro
I17: elc_spv_001 | J17: S03aH01 | K17: 0.0020006381 | L17: IMPNRGZ | N17: elc_won_001 | O17: S03aH01 | P17: 0.11288554 | Q17: IMPNRGZ | S17: elc_wof_001 | T17: S03aH01 | U17: 0.096729598 | V17: IMPNRGZ | X17: 0.098287671 | Y17: 0.038815603 | Z17: S03aH01 | AA17: dem_transport | AC17: dem_agriculture,dem_commercial,dem_industry,dem_residential | AD17: S03aH01 | AE17: 0.11766171 | AG17: ELC | AH17: S03aH01 | AI17: 0.17707708 | AK17: 2021 | AL17: S03 | AM17: 0.54368774 | AN17: hydro
I18: elc_spv_001 | J18: S03aH02 | K18: 0.26960406 | L18: IMPNRGZ | N18: elc_won_001 | O18: S03aH02 | P18: 0.20217891 | Q18: IMPNRGZ | S18: elc_wof_001 | T18: S03aH02 | U18: 0.16993672 | V18: IMPNRGZ | X18: 0.16849315 | Y18: 0.2451662 | Z18: S03aH02 | AA18: dem_transport | AC18: dem_agriculture,dem_commercial,dem_industry,dem_residential | AD18: S03aH02 | AE18: 0.1561753 | AG18: ELC | AH18: S03aH02 | AI18: 0.39073889 | AK18: 2021 | AL18: S04 | AM18: 0.52120395 | AN18: hydro
I19: elc_spv_001 | J19: S03aH03 | K19: 0.00089412696 | L19: IMPNRGZ | N19: elc_won_001 | O19: S03aH03 | P19: 0.083316222 | Q19: IMPNRGZ | S19: elc_wof_001 | T19: S03aH03 | U19: 0.067504192 | V19: IMPNRGZ | X19: 0.070205479 | Y19: 0.0530045 | Z19: S03aH03 | AA19: dem_transport | AC19: dem_agriculture,dem_commercial,dem_industry,dem_residential | AD19: S03aH03 | AE19: 0.082539771 | AG19: ELC | AH19: S03aH03 | AI19: 0.23926714 | AK19: 2022 | AL19: S01 | AM19: 0.44973301 | AN19: hydro
I20: elc_spv_001 | J20: S04aH01 | K20: 0.0074078848 | L20: IMPNRGZ | N20: elc_won_001 | O20: S04aH01 | P20: 0.042008124 | Q20: IMPNRGZ | S20: elc_wof_001 | T20: S04aH01 | U20: 0.033364681 | V20: IMPNRGZ | X20: 0.048744292 | Y20: 0.019250015 | Z20: S04aH01 | AA20: dem_transport | AC20: dem_agriculture,dem_commercial,dem_industry,dem_residential | AD20: S04aH01 | AE20: 0.052561571 | AG20: ELC | AH20: S04aH01 | AI20: 0.078199338 | AK20: 2022 | AL20: S02 | AM20: 0.44696382 | AN20: hydro
I21: elc_spv_001 | J21: S04aH02 | K21: 0.22504026 | L21: IMPNRGZ | N21: elc_won_001 | O21: S04aH02 | P21: 0.083817938 | Q21: IMPNRGZ | S21: elc_wof_001 | T21: S04aH02 | U21: 0.056240402 | V21: IMPNRGZ | X21: 0.083561644 | Y21: 0.12158649 | Z21: S04aH02 | AA21: dem_transport | AC21: dem_agriculture,dem_commercial,dem_industry,dem_residential | AD21: S04aH02 | AE21: 0.068361801 | AG21: ELC | AH21: S04aH02 | AI21: 0.25207431 | AK21: 2022 | AL21: S03 | AM21: 0.56796311 | AN21: hydro
I22: elc_spv_001 | J22: S04aH03 | K22: 0.008877554 | L22: IMPNRGZ | N22: elc_won_001 | O22: S04aH03 | P22: 0.033086373 | Q22: IMPNRGZ | S22: elc_wof_001 | T22: S04aH03 | U22: 0.023862695 | V22: IMPNRGZ | X22: 0.034817352 | Y22: 0.026286785 | Z22: S04aH03 | AA22: dem_transport | AC22: dem_agriculture,dem_commercial,dem_industry,dem_residential | AD22: S04aH03 | AE22: 0.036652444 | AG22: ELC | AH22: S04aH03 | AI22: 0.1018818 | AK22: 2022 | AL22: S04 | AM22: 0.55699903 | AN22: hydro
I23: elc_spv_002 | J23: S01aH01 | K23: 0.011308122 | L23: IMPNRGZ | N23: elc_won_002 | O23: S01aH01 | P23: 0.037134461 | Q23: IMPNRGZ | S23: elc_wof_002 | T23: S01aH01 | U23: 0.052206153 | V23: IMPNRGZ | AC23: dem_agriculture,dem_commercial,dem_industry,dem_residential | AD23: S01aH01 | AE23: 0.047550272 | AK23: 2025 | AL23: S01 | AM23: 0.49025 | AN23: hydro
I24: elc_spv_002 | J24: S01aH02 | K24: 0.22375061 | L24: IMPNRGZ | N24: elc_won_002 | O24: S01aH02 | P24: 0.071483002 | Q24: IMPNRGZ | S24: elc_wof_002 | T24: S01aH02 | U24: 0.090359016 | V24: IMPNRGZ | AC24: dem_agriculture,dem_commercial,dem_industry,dem_residential | AD24: S01aH02 | AE24: 0.080136732 | AK24: 2025 | AL24: S02 | AM24: 0.5001 | AN24: hydro
I25: elc_spv_002 | J25: S01aH03 | K25: 0.0029512368 | L25: IMPNRGZ | N25: elc_won_002 | O25: S01aH03 | P25: 0.02868098 | Q25: IMPNRGZ | S25: elc_wof_002 | T25: S01aH03 | U25: 0.037253481 | V25: IMPNRGZ | AC25: dem_agriculture,dem_commercial,dem_industry,dem_residential | AD25: S01aH03 | AE25: 0.033904849 | AK25: 2025 | AL25: S03 | AM25: 0.524975 | AN25: hydro
I26: elc_spv_002 | J26: S02aH01 | K26: 0.00194742 | L26: IMPNRGZ | N26: elc_won_002 | O26: S02aH01 | P26: 0.081662307 | Q26: IMPNRGZ | S26: elc_wof_002 | T26: S02aH01 | U26: 0.094885371 | V26: IMPNRGZ | AC26: dem_agriculture,dem_commercial,dem_industry,dem_residential | AD26: S02aH01 | AE26: 0.098341437 | AK26: 2025 | AL26: S04 | AM26: 0.50445 | AN26: hydro
I27: elc_spv_002 | J27: S02aH02 | K27: 0.2343161 | L27: IMPNRGZ | N27: elc_won_002 | O27: S02aH02 | P27: 0.14810559 | Q27: IMPNRGZ | S27: elc_wof_002 | T27: S02aH02 | U27: 0.16199641 | V27: IMPNRGZ | AC27: dem_agriculture,dem_commercial,dem_industry,dem_residential | AD27: S02aH02 | AE27: 0.165794 | AK27: 2026 | AL27: S01 | AM27: 0.4814 | AN27: hydro
I28: elc_spv_002 | J28: S02aH03 | K28: 0 | L28: IMPNRGZ | N28: elc_won_002 | O28: S02aH03 | P28: 0.058215563 | Q28: IMPNRGZ | S28: elc_wof_002 | T28: S02aH03 | U28: 0.068333221 | V28: IMPNRGZ | AC28: dem_agriculture,dem_commercial,dem_industry,dem_residential | AD28: S02aH03 | AE28: 0.07010273 | AK28: 2026 | AL28: S02 | AM28: 0.463825 | AN28: hydro
I29: elc_spv_002 | J29: S03aH01 | K29: 0.0073032457 | L29: IMPNRGZ | N29: elc_won_002 | O29: S03aH01 | P29: 0.11966953 | Q29: IMPNRGZ | S29: elc_wof_002 | T29: S03aH01 | U29: 0.10906384 | V29: IMPNRGZ | AC29: dem_agriculture,dem_commercial,dem_industry,dem_residential | AD29: S03aH01 | AE29: 0.099194735 | AK29: 2026 | AL29: S03 | AM29: 0.54475 | AN29: hydro
I30: elc_spv_002 | J30: S03aH02 | K30: 0.26904568 | L30: IMPNRGZ | N30: elc_won_002 | O30: S03aH02 | P30: 0.21907676 | Q30: IMPNRGZ | S30: elc_wof_002 | T30: S03aH02 | U30: 0.18767514 | V30: IMPNRGZ | AC30: dem_agriculture,dem_commercial,dem_industry,dem_residential | AD30: S03aH02 | AE30: 0.16715282 | AK30: 2026 | AL30: S04 | AM30: 0.53075 | AN30: hydro
I31: elc_spv_002 | J31: S03aH03 | K31: 0 | L31: IMPNRGZ | N31: elc_won_002 | O31: S03aH03 | P31: 0.089563654 | Q31: IMPNRGZ | S31: elc_wof_002 | T31: S03aH03 | U31: 0.080075767 | V31: IMPNRGZ | AC31: dem_agriculture,dem_commercial,dem_industry,dem_residential | AD31: S03aH03 | AE31: 0.070757722 | AK31: 2027 | AL31: S01 | AM31: 0.484 | AN31: hydro
I32: elc_spv_002 | J32: S04aH01 | K32: 0.020455698 | L32: IMPNRGZ | N32: elc_won_002 | O32: S04aH01 | P32: 0.038940275 | Q32: IMPNRGZ | S32: elc_wof_002 | T32: S04aH01 | U32: 0.035353436 | V32: IMPNRGZ | AC32: dem_agriculture,dem_commercial,dem_industry,dem_residential | AD32: S04aH01 | AE32: 0.049147027 | AK32: 2027 | AL32: S02 | AM32: 0.461075 | AN32: hydro
I33: elc_spv_002 | J33: S04aH02 | K33: 0.22783998 | L33: IMPNRGZ | N33: elc_won_002 | O33: S04aH02 | P33: 0.077871236 | Q33: IMPNRGZ | S33: elc_wof_002 | T33: S04aH02 | U33: 0.057648939 | V33: IMPNRGZ | AC33: dem_agriculture,dem_commercial,dem_industry,dem_residential | AD33: S04aH02 | AE33: 0.082869354 | AK33: 2027 | AL33: S03 | AM33: 0.535925 | AN33: hydro
I34: elc_spv_002 | J34: S04aH03 | K34: 0.0010819071 | L34: IMPNRGZ | N34: elc_won_002 | O34: S04aH03 | P34: 0.029596649 | Q34: IMPNRGZ | S34: elc_wof_002 | T34: S04aH03 | U34: 0.025149235 | V34: IMPNRGZ | AC34: dem_agriculture,dem_commercial,dem_industry,dem_residential | AD34: S04aH03 | AE34: 0.035048326 | AK34: 2027 | AL34: S04 | AM34: 0.5205 | AN34: hydro
I35: elc_spv_003 | J35: S01aH01 | K35: 0.014063771 | L35: IMPNRGZ | N35: elc_won_003 | O35: S01aH01 | P35: 0.04296391 | Q35: IMPNRGZ | S35: elc_wof_003 | T35: S01aH01 | U35: 0.046947065 | V35: IMPNRGZ | AK35: 2028 | AL35: S01 | AM35: 0.45965 | AN35: hydro
I36: elc_spv_003 | J36: S01aH02 | K36: 0.23506079 | L36: IMPNRGZ | N36: elc_won_003 | O36: S01aH02 | P36: 0.08400576 | Q36: IMPNRGZ | S36: elc_wof_003 | T36: S01aH02 | U36: 0.083361254 | V36: IMPNRGZ | AK36: 2028 | AL36: S02 | AM36: 0.465975 | AN36: hydro
I37: elc_spv_003 | J37: S01aH03 | K37: 0.0019026291 | L37: IMPNRGZ | N37: elc_won_003 | O37: S01aH03 | P37: 0.034061508 | Q37: IMPNRGZ | S37: elc_wof_003 | T37: S01aH03 | U37: 0.034629437 | V37: IMPNRGZ | AK37: 2028 | AL37: S03 | AM37: 0.53035 | AN37: hydro
I38: elc_spv_003 | J38: S02aH01 | K38: 0.0033306356 | L38: IMPNRGZ | N38: elc_won_003 | O38: S02aH01 | P38: 0.090615516 | Q38: IMPNRGZ | S38: elc_wof_003 | T38: S02aH01 | U38: 0.099803038 | V38: IMPNRGZ | AK38: 2028 | AL38: S04 | AM38: 0.46905 | AN38: hydro
I39: elc_spv_003 | J39: S02aH02 | K39: 0.22950506 | L39: IMPNRGZ | N39: elc_won_003 | O39: S02aH02 | P39: 0.15772224 | Q39: IMPNRGZ | S39: elc_wof_003 | T39: S02aH02 | U39: 0.17470292 | V39: IMPNRGZ | AK39: 2029 | AL39: S01 | AM39: 0.5189 | AN39: hydro
I40: elc_spv_003 | J40: S02aH03 | K40: 0 | L40: IMPNRGZ | N40: elc_won_003 | O40: S02aH03 | P40: 0.066245408 | Q40: IMPNRGZ | S40: elc_wof_003 | T40: S02aH03 | U40: 0.069309938 | V40: IMPNRGZ | AK40: 2029 | AL40: S02 | AM40: 0.532625 | AN40: hydro
I41: elc_spv_003 | J41: S03aH01 | K41: 0.0083831446 | L41: IMPNRGZ | N41: elc_won_003 | O41: S03aH01 | P41: 0.11248248 | Q41: IMPNRGZ | S41: elc_wof_003 | T41: S03aH01 | U41: 0.1085005 | V41: IMPNRGZ | AK41: 2029 | AL41: S03 | AM41: 0.6141 | AN41: hydro
I42: elc_spv_003 | J42: S03aH02 | K42: 0.25764151 | L42: IMPNRGZ | N42: elc_won_003 | O42: S03aH02 | P42: 0.20043509 | Q42: IMPNRGZ | S42: elc_wof_003 | T42: S03aH02 | U42: 0.18812944 | V42: IMPNRGZ | AK42: 2029 | AL42: S04 | AM42: 0.5427 | AN42: hydro
I43: elc_spv_003 | J43: S03aH03 | K43: 0 | L43: IMPNRGZ | N43: elc_won_003 | O43: S03aH03 | P43: 0.080810531 | Q43: IMPNRGZ | S43: elc_wof_003 | T43: S03aH03 | U43: 0.077708807 | V43: IMPNRGZ | AK43: 2030 | AL43: S01 | AM43: 0.56955 | AN43: hydro
I44: elc_spv_003 | J44: S04aH01 | K44: 0.021021324 | L44: IMPNRGZ | N44: elc_won_003 | O44: S04aH01 | P44: 0.035454887 | Q44: IMPNRGZ | S44: elc_wof_003 | T44: S04aH01 | U44: 0.034690647 | V44: IMPNRGZ | AK44: 2030 | AL44: S02 | AM44: 0.5336 | AN44: hydro
I45: elc_spv_003 | J45: S04aH02 | K45: 0.22841549 | L45: IMPNRGZ | N45: elc_won_003 | O45: S04aH02 | P45: 0.068101656 | Q45: IMPNRGZ | S45: elc_wof_003 | T45: S04aH02 | U45: 0.059006009 | V45: IMPNRGZ | AK45: 2030 | AL45: S03 | AM45: 0.5791 | AN45: hydro
I46: elc_spv_003 | J46: S04aH03 | K46: 0.00067564543 | L46: IMPNRGZ | N46: elc_won_003 | O46: S04aH03 | P46: 0.027101003 | Q46: IMPNRGZ | S46: elc_wof_003 | T46: S04aH03 | U46: 0.023210949 | V46: IMPNRGZ | AK46: 2030 | AL46: S04 | AM46: 0.58745 | AN46: hydro
... I126: elc_spv_010 | J126: S03aH02 | K126: 0.2491744 | L126: IMPNRGZ | N126: elc_won_010 | O126: S03aH02 | P126: 0.19972358 | Q126: IMPNRGZ | S126: elc_wof_010 | T126: S03aH02 | U126: 0.19765103 | V126: IMPNRGZ | AK126: 2050 | AL126: S04 | AM126: 0.49925 | AN126: hydro
I127: elc_spv_010 | J127: S03aH03 | K127: 0.00017116199 | L127: IMPNRGZ | N127: elc_won_010 | O127: S03aH03 | P127: 0.076189028 | Q127: IMPNRGZ | S127: elc_wof_010 | T127: S03aH03 | U127: 0.086881012 | V127: IMPNRGZ
I128: elc_spv_010 | J128: S04aH01 | K128: 0.017273013 | L128: IMPNRGZ | N128: elc_won_010 | O128: S04aH01 | P128: 0.035449875 | Q128: IMPNRGZ | S128: elc_wof_010 | T128: S04aH01 | U128: 0.038227705 | V128: IMPNRGZ
I129: elc_spv_010 | J129: S04aH02 | K129: 0.25685757 | L129: IMPNRGZ | N129: elc_won_010 | O129: S04aH02 | P129: 0.081004405 | Q129: IMPNRGZ | S129: elc_wof_010 | T129: S04aH02 | U129: 0.061048529 | V129: IMPNRGZ
I130: elc_spv_010 | J130: S04aH03 | K130: 0.010193857 | L130: IMPNRGZ | N130: elc_won_010 | O130: S04aH03 | P130: 0.027502645 | Q130: IMPNRGZ | S130: elc_wof_010 | T130: S04aH03 | U130: 0.029551569 | V130: IMPNRGZ
I131: elc_spv_011 | J131: S01aH01 | K131: 0.010547129 | L131: IMPNRGZ | N131: elc_won_011 | O131: S01aH01 | P131: 0.038695614 | Q131: IMPNRGZ | S131: elc_wof_011 | T131: S01aH01 | U131: 0.040873032 | V131: IMPNRGZ
I132: elc_spv_011 | J132: S01aH02 | K132: 0.25199995 | L132: IMPNRGZ | N132: elc_won_011 | O132: S01aH02 | P132: 0.081084353 | Q132: IMPNRGZ | S132: elc_wof_011 | T132: S01aH02 | U132: 0.078601389 | V132: IMPNRGZ
I133: elc_spv_011 | J133: S01aH03 | K133: 0.01084551 | L133: IMPNRGZ | N133: elc_won_011 | O133: S01aH03 | P133: 0.03687083 | Q133: IMPNRGZ | S133: elc_wof_011 | T133: S01aH03 | U133: 0.032310619 | V133: IMPNRGZ
I134: elc_spv_011 | J134: S02aH01 | K134: 8.3612628e-07 | L134: IMPNRGZ | N134: elc_won_011 | O134: S02aH01 | P134: 0.086150067 | Q134: IMPNRGZ | S134: elc_wof_011 | T134: S02aH01 | U134: 0.093916469 | V134: IMPNRGZ
I135: elc_spv_011 | J135: S02aH02 | K135: 0.18715305 | L135: IMPNRGZ | N135: elc_won_011 | O135: S02aH02 | P135: 0.14460391 | Q135: IMPNRGZ | S135: elc_wof_011 | T135: S02aH02 | U135: 0.16315152 | V135: IMPNRGZ
I136: elc_spv_011 | J136: S02aH03 | K136: 0 | L136: IMPNRGZ | N136: elc_won_011 | O136: S02aH03 | P136: 0.068951956 | Q136: IMPNRGZ | S136: elc_wof_011 | T136: S02aH03 | U136: 0.067882936 | V136: IMPNRGZ
I137: elc_spv_011 | J137: S03aH01 | K137: 0.0043419576 | L137: IMPNRGZ | N137: elc_won_011 | O137: S03aH01 | P137: 0.12310998 | Q137: IMPNRGZ | S137: elc_wof_011 | T137: S03aH01 | U137: 0.11792415 | V137: IMPNRGZ
I138: elc_spv_011 | J138: S03aH02 | K138: 0.26278208 | L138: IMPNRGZ | N138: elc_won_011 | O138: S03aH02 | P138: 0.18789112 | Q138: IMPNRGZ | S138: elc_wof_011 | T138: S03aH02 | U138: 0.2032925 | V138: IMPNRGZ
... I190: elc_spv_015 | J190: S04aH03 | K190: 0.0081281027 | L190: IMPNRGZ | N190: elc_won_015 | O190: S04aH03 | P190: 0.026114776 | Q190: IMPNRGZ | S190: elc_wof_015 | T190: S04aH03 | U190: 0.031829365 | V190: IMPNRGZ
I191: elc_spv_016 | J191: S01aH01 | K191: 0.011322104 | L191: IMPNRGZ | S191: elc_wof_016 | T191: S01aH01 | U191: 0.044140868 | V191: IMPNRGZ
I192: elc_spv_016 | J192: S01aH02 | K192: 0.25742572 | L192: IMPNRGZ | S192: elc_wof_016 | T192: S01aH02 | U192: 0.077839924 | V192: IMPNRGZ
I193: elc_spv_016 | J193: S01aH03 | K193: 0.0080577535 | L193: IMPNRGZ | S193: elc_wof_016 | T193: S01aH03 | U193: 0.031080256 | V193: IMPNRGZ
I194: elc_spv_016 | J194: S02aH01 | K194: 0.00061671144 | L194: IMPNRGZ | S194: elc_wof_016 | T194: S02aH01 | U194: 0.10259464 | V194: IMPNRGZ
I195: elc_spv_016 | J195: S02aH02 | K195: 0.21057174 | L195: IMPNRGZ | S195: elc_wof_016 | T195: S02aH02 | U195: 0.17257761 | V195: IMPNRGZ
I196: elc_spv_016 | J196: S02aH03 | K196: 0 | L196: IMPNRGZ | S196: elc_wof_016 | T196: S02aH03 | U196: 0.069954322 | V196: IMPNRGZ
I197: elc_spv_016 | J197: S03aH01 | K197: 0.00338667 | L197: IMPNRGZ | S197: elc_wof_016 | T197: S03aH01 | U197: 0.10220048 | V197: IMPNRGZ
I198: elc_spv_016 | J198: S03aH02 | K198: 0.24273486 | L198: IMPNRGZ | S198: elc_wof_016 | T198: S03aH02 | U198: 0.17818263 | V198: IMPNRGZ
I199: elc_spv_016 | J199: S03aH03 | K199: 0 | L199: IMPNRGZ | S199: elc_wof_016 | T199: S03aH03 | U199: 0.071658219 | V199: IMPNRGZ
I200: elc_spv_016 | J200: S04aH01 | K200: 0.018074252 | L200: IMPNRGZ | S200: elc_wof_016 | T200: S04aH01 | U200: 0.045313382 | V200: IMPNRGZ
I201: elc_spv_016 | J201: S04aH02 | K201: 0.24256062 | L201: IMPNRGZ | S201: elc_wof_016 | T201: S04aH02 | U201: 0.073995492 | V201: IMPNRGZ
I202: elc_spv_016 | J202: S04aH03 | K202: 0.005249576 | L202: IMPNRGZ | S202: elc_wof_016 | T202: S04aH03 | U202: 0.030462183 | V202: IMPNRGZ
S203: elc_wof_017 | T203: S01aH01 | U203: 0.049590835 | V203: IMPNRGZ
S204: elc_wof_017 | T204: S01aH02 | U204: 0.08453906 | V204: IMPNRGZ
S205: elc_wof_017 | T205: S01aH03 | U205: 0.035226358 | V205: IMPNRGZ
S206: elc_wof_017 | T206: S02aH01 | U206: 0.092090601 | V206: IMPNRGZ
S207: elc_wof_017 | T207: S02aH02 | U207: 0.15981723 | V207: IMPNRGZ
S208: elc_wof_017 | T208: S02aH03 | U208: 0.065239281 | V208: IMPNRGZ
S209: elc_wof_017 | T209: S03aH01 | U209: 0.10624413 | V209: IMPNRGZ
S210: elc_wof_017 | T210: S03aH02 | U210: 0.17830924 | V210: IMPNRGZ
S211: elc_wof_017 | T211: S03aH03 | U211: 0.073080524 | V211: IMPNRGZ
S212: elc_wof_017 | T212: S04aH01 | U212: 0.045546418 | V212: IMPNRGZ
S213: elc_wof_017 | T213: S04aH02 | U213: 0.079126295 | V213: IMPNRGZ
S214: elc_wof_017 | T214: S04aH03 | U214: 0.031190024 | V214: IMPNRGZ
... S406: elc_wof_033 | T406: S04aH03 | U406: 0.03370984 | V406: IMPNRGZ

Sheet ts_048
C9: =IF(A11="x","DeActivated","~TimeSlices") -> DeActivated | I9: =IF(A11="x","DeActivated","~TFM_DINS-AT") -> DeActivated | N9: =IF(A11="x","DeActivated","~TFM_DINS-AT") -> DeActivated | S9: =IF(A11="x","DeActivated","~TFM_DINS-AT") -> DeActivated | X9: =IF(A11="x","DeActivated","~TFM_INS-AT") -> DeActivated | AC9: =IF(A11="x","DeActivated","~TFM_INS-AT") -> DeActivated | AG9: =IF(A11="x","DeActivated","~TFM_DINS-AT") -> DeActivated | AK9: =IF(A11="x","DeActivated","~TFM_INS-AT") -> DeActivated
A10: ts_048 | C10: season | D10: weekly | E10: daynite | F10: wparent | G10: dparent | I10: commodity | J10: timeslice | K10: com_fr | L10: process | N10: commodity | O10: timeslice | P10: com_fr | Q10: process | S10: commodity | T10: timeslice | U10: com_fr | V10: process | X10: g_yrfr | Y10: com_fr | Z10: timeslice | AA10: cset_set | AC10: cset_set | AD10: timeslice | AE10: com_fr | AG10: commodity | AH10: timeslice | AI10: com_pkflx | AK10: Year | AL10: timeslice | AM10: ncap_afs | AN10: pset_ci
A11: =IFERROR(IF(Veda!D5=A10,"ok","x"),"") -> x | C11: S01 | D11: a | E11: H01 | F11: S01,S02,S03,S04,S05,S06,S07,S08 | G11: a | I11: elc_spv_001 | J11: S01aH01 | K11: 0.0041842274 | L11: IMPNRGZ | N11: elc_won_001 | O11: S01aH01 | P11: 0.025936807 | Q11: IMPNRGZ | S11: elc_wof_001 | T11: S01aH01 | U11: 0.02321764 | V11: IMPNRGZ | X11: 0.024771689 | Y11: 0.0097827943 | Z11: S01aH01 | AA11: dem_transport | AC11: dem_agriculture,dem_commercial,dem_industry,dem_residential | AD11: S01aH01 | AE11: 0.026948593 | AG11: ELC | AH11: S01aH01 | AI11: 0.054264398 | AK11: 2020 | AL11: S01 | AM11: 0.48179554 | AN11: hydro
C12: S02 | E12: H02 | G12: a | I12: elc_spv_001 | J12: S01aH02 | K12: 0.039939233 | L12: IMPNRGZ | N12: elc_won_001 | O12: S01aH02 | P12: 0.01458778 | Q12: IMPNRGZ | S12: elc_wof_001 | T12: S01aH02 | U12: 0.014011287 | V12: IMPNRGZ | X12: 0.014155251 | Y12: 0.019277859 | Z12: S01aH02 | AA12: dem_transport | AC12: dem_agriculture,dem_commercial,dem_industry,dem_residential | AD12: S01aH02 | AE12: 0.013843155 | AG12: ELC | AH12: S01aH02 | AI12: 0.096332203 | AK12: 2020 | AL12: S02 | AM12: 0.49389368 | AN12: hydro
C13: S03 | E13: H03 | G13: a | I13: elc_spv_001 | J13: S01aH03 | K13: 0.073477667 | L13: IMPNRGZ | N13: elc_won_001 | O13: S01aH03 | P13: 0.025110527 | Q13: IMPNRGZ | S13: elc_wof_001 | T13: S01aH03 | U13: 0.022880024 | V13: IMPNRGZ | X13: 0.021232877 | Y13: 0.030283503 | Z13: S01aH03 | AA13: dem_transport | AC13: dem_agriculture,dem_commercial,dem_industry,dem_residential | AD13: S01aH03 | AE13: 0.014709479 | AG13: ELC | AH13: S01aH03 | AI13: 0.082587405 | AK13: 2020 | AL13: S03 | AM13: 0.46944181 | AN13: hydro
C14: S04 | E14: H04 | G14: a | I14: elc_spv_001 | J14: S01aH04 | K14: 0.010567856 | L14: IMPNRGZ | N14: elc_won_001 | O14: S01aH04 | P14: 0.0043965162 | Q14: IMPNRGZ | S14: elc_wof_001 | T14: S01aH04 | U14: 0.0039554147 | V14: IMPNRGZ | X14: 0.0035388128 | Y14: 0.0068849497 | Z14: S01aH04 | AA14: dem_transport | AC14: dem_agriculture,dem_commercial,dem_industry,dem_residential | AD14: S01aH04 | AE14: 0.0028888684 | AG14: ELC | AH14: S01aH04 | AI14: 0.047696308 | AK14: 2020 | AL14: S04 | AM14: 0.46384145 | AN14: hydro
C15: S05 | E15: H05 | G15: a | I15: elc_spv_001 | J15: S01aH05 | K15: 0.0094078835 | L15: IMPNRGZ | N15: elc_won_001 | O15: S01aH05 | P15: 0.0043080542 | Q15: IMPNRGZ | S15: elc_wof_001 | T15: S01aH05 | U15: 0.0039114414 | V15: IMPNRGZ | X15: 0.0035388128 | Y15: 0.0053435431 | Z15: S01aH05 | AA15: dem_transport | AC15: dem_agriculture,dem_commercial,dem_industry,dem_residential | AD15: S01aH05 | AE15: 0.0033517519 | AG15: ELC | AH15: S01aH05 | AI15: 0.089389987 | AK15: 2020 | AL15: S05 | AM15: 0.46211193 | AN15: hydro
C16: S06 | E16: H06 | G16: a | I16: elc_spv_001 | J16: S01aH06 | K16: 0.007734737 | L16: IMPNRGZ | N16: elc_won_001 | O16: S01aH06 | P16: 0.019443493 | Q16: IMPNRGZ | S16: elc_wof_001 | T16: S01aH06 | U16: 0.018575418 | V16: IMPNRGZ | X16: 0.017694064 | Y16: 0.013358858 | Z16: S01aH06 | AA16: dem_transport | AC16: dem_agriculture,dem_commercial,dem_industry,dem_residential | AD16: S01aH06 | AE16: 0.018772668 | AG16: ELC | AH16: S01aH06 | AI16: 0.073528597 | AK16: 2020 | AL16: S06 | AM16: 0.50502056 | AN16: hydro
C17: S07 | I17: elc_spv_001 | J17: S02aH01 | K17: 1.9521226e-05 | L17: IMPNRGZ | N17: elc_won_001 | O17: S02aH01 | P17: 0.014985971 | Q17: IMPNRGZ | S17: elc_wof_001 | T17: S02aH01 | U17: 0.030125243 | V17: IMPNRGZ | X17: 0.022374429 | Y17: 0.0088360722 | Z17: S02aH01 | AA17: dem_transport | AC17: dem_agriculture,dem_commercial,dem_industry,dem_residential | AD17: S02aH01 | AE17: 0.024320457 | AG17: ELC | AH17: S02aH01 | AI17: 0.049179699 | AK17: 2020 | AL17: S07 | AM17: 0.50403226 | AN17: hydro
C18: S08 | I18: elc_spv_001 | J18: S02aH02 | K18: 0.030664758 | L18: IMPNRGZ | N18: elc_won_001 | O18: S02aH02 | P18: 0.00760132 | Q18: IMPNRGZ | S18: elc_wof_001 | T18: S02aH02 | U18: 0.017599312 | V18: IMPNRGZ | X18: 0.012785388 | Y18: 0.01741226 | Z18: S02aH02 | AA18: dem_transport | AC18: dem_agriculture,dem_commercial,dem_industry,dem_residential | AD18: S02aH02 | AE18: 0.012526761 | AG18: ELC | AH18: S02aH02 | AI18: 0.094022737 | AK18: 2020 | AL18: S08 | AM18: 0.5086855 | AN18: hydro
I19: elc_spv_001 | J19: S02aH03 | K19: 0.060385454 | L19: IMPNRGZ | N19: elc_won_001 | O19: S02aH03 | P19: 0.01282358 | Q19: IMPNRGZ | S19: elc_wof_001 | T19: S02aH03 | U19: 0.026873654 | V19: IMPNRGZ | X19: 0.019178082 | Y19: 0.027352841 | Z19: S02aH03 | AA19: dem_transport | AC19: dem_agriculture,dem_commercial,dem_industry,dem_residential | AD19: S02aH03 | AE19: 0.013278655 | AG19: ELC | AH19: S02aH03 | AI19: 0.070809484 | AK19: 2021 | AL19: S01 | AM19: 0.43732211 | AN19: hydro
I20: elc_spv_001 | J20: S02aH04 | K20: 0.0090524914 | L20: IMPNRGZ | N20: elc_won_001 | O20: S02aH04 | P20: 0.0023089262 | Q20: IMPNRGZ | S20: elc_wof_001 | T20: S02aH04 | U20: 0.0045180671 | V20: IMPNRGZ | X20: 0.003196347 | Y20: 0.0062186643 | Z20: S02aH04 | AA20: dem_transport | AC20: dem_agriculture,dem_commercial,dem_industry,dem_residential | AD20: S02aH04 | AE20: 0.0026016735 | AG20: ELC | AH20: S02aH04 | AI20: 0.042951586 | AK20: 2021 | AL20: S02 | AM20: 0.45135242 | AN20: hydro
I21: elc_spv_001 | J21: S02aH05 | K21: 0.0079014363 | L21: IMPNRGZ | N21: elc_won_001 | O21: S02aH05 | P21: 0.0022886933 | Q21: IMPNRGZ | S21: elc_wof_001 | T21: S02aH05 | U21: 0.0044906167 | V21: IMPNRGZ | X21: 0.003196347 | Y21: 0.004826426 | Z21: S02aH05 | AA21: dem_transport | AC21: dem_agriculture,dem_commercial,dem_industry,dem_residential | AD21: S02aH05 | AE21: 0.0030191776 | AG21: ELC | AH21: S02aH05 | AI21: 0.085249007 | AK21: 2021 | AL21: S03 | AM21: 0.43238061 | AN21: hydro
I22: elc_spv_001 | J22: S02aH06 | K22: 0.0053435737 | L22: IMPNRGZ | N22: elc_won_001 | O22: S02aH06 | P22: 0.01133466 | Q22: IMPNRGZ | S22: elc_wof_001 | T22: S02aH06 | U22: 0.022147978 | V22: IMPNRGZ | X22: 0.015981735 | Y22: 0.012066065 | Z22: S02aH06 | AA22: dem_transport | AC22: dem_agriculture,dem_commercial,dem_industry,dem_residential | AD22: S02aH06 | AE22: 0.016910348 | AG22: ELC | AH22: S02aH06 | AI22: 0.073855213 | AK22: 2021 | AL22: S04 | AM22: 0.4229506 | AN22: hydro
I23: elc_spv_001 | J23: S03aH01 | K23: 0 | L23: IMPNRGZ | N23: elc_won_001 | O23: S03aH01 | P23: 0.017394231 | Q23: IMPNRGZ | S23: elc_wof_001 | T23: S03aH01 | U23: 0.0237542 | V23: IMPNRGZ | X23: 0.024771689 | Y23: 0.0097827943 | Z23: S03aH01 | AA23: dem_transport | AC23: dem_agriculture,dem_commercial,dem_industry,dem_residential | AD23: S03aH01 | AE23: 0.026576365 | AG23: ELC | AH23: S03aH01 | AI23: 0.06324517 | AK23: 2021 | AL23: S05 | AM23: 0.46977124 | AN23: hydro
I24: elc_spv_001 | J24: S03aH02 | K24: 0.025419242 | L24: IMPNRGZ | N24: elc_won_001 | O24: S03aH02 | P24: 0.009935329 | Q24: IMPNRGZ | S24: elc_wof_001 | T24: S03aH02 | U24: 0.013764118 | V24: IMPNRGZ | X24: 0.014155251 | Y24: 0.019277859 | Z24: S03aH02 | AA24: dem_transport | AC24: dem_agriculture,dem_commercial,dem_industry,dem_residential | AD24: S03aH02 | AE24: 0.0137192 | AG24: ELC | AH24: S03aH02 | AI24: 0.10125591 | AK24: 2021 | AL24: S06 | AM24: 0.54537608 | AN24: hydro
I25: elc_spv_001 | J25: S03aH03 | K25: 0.053746393 | L25: IMPNRGZ | N25: elc_won_001 | O25: S03aH03 | P25: 0.015840702 | Q25: IMPNRGZ | S25: elc_wof_001 | T25: S03aH03 | U25: 0.022001135 | V25: IMPNRGZ | X25: 0.021232877 | Y25: 0.030283503 | Z25: S03aH03 | AA25: dem_transport | AC25: dem_agriculture,dem_commercial,dem_industry,dem_residential | AD25: S03aH03 | AE25: 0.014603487 | AG25: ELC | AH25: S03aH03 | AI25: 0.067234199 | AK25: 2021 | AL25: S07 | AM25: 0.53862271 | AN25: hydro
I26: elc_spv_001 | J26: S03aH04 | K26: 0.0076232417 | L26: IMPNRGZ | N26: elc_won_001 | O26: S03aH04 | P26: 0.0026488946 | Q26: IMPNRGZ | S26: elc_wof_001 | T26: S03aH04 | U26: 0.0038209578 | V26: IMPNRGZ | X26: 0.0035388128 | Y26: 0.0068849497 | Z26: S03aH04 | AA26: dem_transport | AC26: dem_agriculture,dem_commercial,dem_industry,dem_residential | AD26: S03aH04 | AE26: 0.0028599027 | AG26: ELC | AH26: S03aH04 | AI26: 0.054724375 | AK26: 2021 | AL26: S08 | AM26: 0.52120395 | AN26: hydro
I27: elc_spv_001 | J27: S03aH05 | K27: 0.0061286986 | L27: IMPNRGZ | N27: elc_won_001 | O27: S03aH05 | P27: 0.0026421817 | Q27: IMPNRGZ | S27: elc_wof_001 | T27: S03aH05 | U27: 0.003835886 | V27: IMPNRGZ | X27: 0.0035388128 | Y27: 0.0053435431 | Z27: S03aH05 | AA27: dem_transport | AC27: dem_agriculture,dem_commercial,dem_industry,dem_residential | AD27: S03aH05 | AE27: 0.0033137317 | AG27: ELC | AH27: S03aH05 | AI27: 0.098500857 | AK27: 2022 | AL27: S01 | AM27: 0.45670529 | AN27: hydro
I28: elc_spv_001 | J28: S03aH06 | K28: 0.0013351281 | L28: IMPNRGZ | N28: elc_won_001 | O28: S03aH06 | P28: 0.012578829 | Q28: IMPNRGZ | S28: elc_wof_001 | T28: S03aH06 | U28: 0.018359008 | V28: IMPNRGZ | X28: 0.017694064 | Y28: 0.013358858 | Z28: S03aH06 | AA28: dem_transport | AC28: dem_agriculture,dem_commercial,dem_industry,dem_residential | AD28: S03aH06 | AE28: 0.018478476 | AG28: ELC | AH28: S03aH06 | AI28: 0.085831249 | AK28: 2022 | AL28: S02 | AM28: 0.44276073 | AN28: hydro
I29: elc_spv_001 | J29: S04aH01 | K29: 0 | L29: IMPNRGZ | N29: elc_won_001 | O29: S04aH01 | P29: 0.046108665 | Q29: IMPNRGZ | S29: elc_wof_001 | T29: S04aH01 | U29: 0.046980911 | V29: IMPNRGZ | X29: 0.048744292 | Y29: 0.019250015 | Z29: S04aH01 | AA29: dem_transport | AC29: dem_agriculture,dem_commercial,dem_industry,dem_residential | AD29: S04aH01 | AE29: 0.054699968 | AG29: ELC | AH29: S04aH01 | AI29: 0.19001069 | AK29: 2022 | AL29: S03 | AM29: 0.42594275 | AN29: hydro
I30: elc_spv_001 | J30: S04aH02 | K30: 0.027554231 | L30: IMPNRGZ | N30: elc_won_001 | O30: S04aH02 | P30: 0.026855774 | Q30: IMPNRGZ | S30: elc_wof_001 | T30: S04aH02 | U30: 0.027335634 | V30: IMPNRGZ | X30: 0.027853881 | Y30: 0.037933852 | Z30: S04aH02 | AA30: dem_transport | AC30: dem_agriculture,dem_commercial,dem_industry,dem_residential | AD30: S04aH02 | AE30: 0.030267742 | AG30: ELC | AH30: S04aH02 | AI30: 0.21001997 | AK30: 2022 | AL30: S04 | AM30: 0.42298482 | AN30: hydro
... I58: elc_spv_001 | J58: S08aH06 | K58: 0.008877554 | L58: IMPNRGZ | N58: elc_won_001 | O58: S08aH06 | P58: 0.033086373 | Q58: IMPNRGZ | S58: elc_wof_001 | T58: S08aH06 | U58: 0.023862695 | V58: IMPNRGZ | X58: 0.034817352 | Y58: 0.026286785 | Z58: S08aH06 | AA58: dem_transport | AC58: dem_agriculture,dem_commercial,dem_industry,dem_residential | AD58: S08aH06 | AE58: 0.036652444 | AG58: ELC | AH58: S08aH06 | AI58: 0.1018818 | AK58: 2027 | AL58: S08 | AM58: 0.5205 | AN58: hydro
I59: elc_spv_002 | J59: S01aH01 | K59: 0.0069219745 | L59: IMPNRGZ | N59: elc_won_002 | O59: S01aH01 | P59: 0.02494685 | Q59: IMPNRGZ | S59: elc_wof_002 | T59: S01aH01 | U59: 0.027752227 | V59: IMPNRGZ | AC59: dem_agriculture,dem_commercial,dem_industry,dem_residential | AD59: S01aH01 | AE59: 0.024984138 | AK59: 2028 | AL59: S01 | AM59: 0.4777 | AN59: hydro
I60: elc_spv_002 | J60: S01aH02 | K60: 0.039238987 | L60: IMPNRGZ | N60: elc_won_002 | O60: S01aH02 | P60: 0.014934332 | Q60: IMPNRGZ | S60: elc_wof_002 | T60: S01aH02 | U60: 0.015934956 | V60: IMPNRGZ | AC60: dem_agriculture,dem_commercial,dem_industry,dem_residential | AD60: S01aH02 | AE60: 0.014177701 | AK60: 2028 | AL60: S02 | AM60: 0.4416 | AN60: hydro
I61: elc_spv_002 | J61: S01aH03 | K61: 0.06997495 | L61: IMPNRGZ | N61: elc_won_002 | O61: S01aH03 | P61: 0.025092018 | Q61: IMPNRGZ | S61: elc_wof_002 | T61: S01aH03 | U61: 0.023843765 | V61: IMPNRGZ | AC61: dem_agriculture,dem_commercial,dem_industry,dem_residential | AD61: S01aH03 | AE61: 0.020881496 | AK61: 2028 | AL61: S03 | AM61: 0.4498 | AN61: hydro
I62: elc_spv_002 | J62: S01aH04 | K62: 0.0088912196 | L62: IMPNRGZ | N62: elc_won_002 | O62: S01aH04 | P62: 0.0041736202 | Q62: IMPNRGZ | S62: elc_wof_002 | T62: S01aH04 | U62: 0.0042263186 | V62: IMPNRGZ | AC62: dem_agriculture,dem_commercial,dem_industry,dem_residential | AD62: S01aH04 | AE62: 0.0035080566 | AK62: 2028 | AL62: S04 | AM62: 0.46335 | AN62: hydro
I63: elc_spv_002 | J63: S01aH05 | K63: 0.0064664385 | L63: IMPNRGZ | N63: elc_won_002 | O63: S01aH05 | P63: 0.0040339895 | Q63: IMPNRGZ | S63: elc_wof_002 | T63: S01aH05 | U63: 0.0042606251 | V63: IMPNRGZ | AC63: dem_agriculture,dem_commercial,dem_industry,dem_residential | AD63: S01aH05 | AE63: 0.0035374916 | AK63: 2028 | AL63: S05 | AM63: 0.4874 | AN63: hydro
I64: elc_spv_002 | J64: S01aH06 | K64: 0.0029512368 | L64: IMPNRGZ | N64: elc_won_002 | O64: S01aH06 | P64: 0.018767507 | Q64: IMPNRGZ | S64: elc_wof_002 | T64: S01aH06 | U64: 0.021567871 | V64: IMPNRGZ | AC64: dem_agriculture,dem_commercial,dem_industry,dem_residential | AD64: S01aH06 | AE64: 0.017815523 | AK64: 2028 | AL64: S06 | AM64: 0.5506 | AN64: hydro
I65: elc_spv_002 | J65: S02aH01 | K65: 0.0043861476 | L65: IMPNRGZ | N65: elc_won_002 | O65: S02aH01 | P65: 0.012187611 | Q65: IMPNRGZ | S65: elc_wof_002 | T65: S02aH01 | U65: 0.024453926 | V65: IMPNRGZ | AC65: dem_agriculture,dem_commercial,dem_industry,dem_residential | AD65: S02aH01 | AE65: 0.022566134 | AK65: 2028 | AL65: S07 | AM65: 0.4696 | AN65: hydro
I66: elc_spv_002 | J66: S02aH02 | K66: 0.032324256 | L66: IMPNRGZ | N66: elc_won_002 | O66: S02aH02 | P66: 0.0066050792 | Q66: IMPNRGZ | S66: elc_wof_002 | T66: S02aH02 | U66: 0.014606829 | V66: IMPNRGZ | AC66: dem_agriculture,dem_commercial,dem_industry,dem_residential | AD66: S02aH02 | AE66: 0.012807774 | AK66: 2028 | AL66: S08 | AM66: 0.46905 | AN66: hydro
I67: elc_spv_002 | J67: S02aH03 | K67: 0.055196523 | L67: IMPNRGZ | N67: elc_won_002 | O67: S02aH03 | P67: 0.012117109 | Q67: IMPNRGZ | S67: elc_wof_002 | T67: S02aH03 | U67: 0.020684655 | V67: IMPNRGZ | AC67: dem_agriculture,dem_commercial,dem_industry,dem_residential | AD67: S02aH03 | AE67: 0.018861184 | AK67: 2029 | AL67: S01 | AM67: 0.5074 | AN67: hydro
I68: elc_spv_002 | J68: S02aH04 | K68: 0.0068005048 | L68: IMPNRGZ | N68: elc_won_002 | O68: S02aH04 | P68: 0.0022974707 | Q68: IMPNRGZ | S68: elc_wof_002 | T68: S02aH04 | U68: 0.0034246628 | V68: IMPNRGZ | AC68: dem_agriculture,dem_commercial,dem_industry,dem_residential | AD68: S02aH04 | AE68: 0.0031682396 | AK68: 2029 | AL68: S02 | AM68: 0.5304 | AN68: hydro
I69: elc_spv_002 | J69: S02aH05 | K69: 0.0048577269 | L69: IMPNRGZ | N69: elc_won_002 | O69: S02aH05 | P69: 0.0022293838 | Q69: IMPNRGZ | S69: elc_wof_002 | T69: S02aH05 | U69: 0.0033772045 | V69: IMPNRGZ | AC69: dem_agriculture,dem_commercial,dem_industry,dem_residential | AD69: S02aH05 | AE69: 0.0031947888 | AK69: 2029 | AL69: S03 | AM69: 0.5058 | AN69: hydro
I70: elc_spv_002 | J70: S02aH06 | K70: 0 | L70: IMPNRGZ | N70: elc_won_002 | O70: S02aH06 | P70: 0.0099134726 | Q70: IMPNRGZ | S70: elc_wof_002 | T70: S02aH06 | U70: 0.01568561 | V70: IMPNRGZ | AC70: dem_agriculture,dem_commercial,dem_industry,dem_residential | AD70: S02aH06 | AE70: 0.016089326 | AK70: 2029 | AL70: S04 | AM70: 0.53635 | AN70: hydro
... I106: elc_spv_002 | J106: S08aH06 | K106: 0.0010819071 | L106: IMPNRGZ | N106: elc_won_002 | O106: S08aH06 | P106: 0.029596649 | Q106: IMPNRGZ | S106: elc_wof_002 | T106: S08aH06 | U106: 0.025149235 | V106: IMPNRGZ | AC106: dem_agriculture,dem_commercial,dem_industry,dem_residential | AD106: S08aH06 | AE106: 0.035048326 | AK106: 2033 | AL106: S08 | AM106: 0.56835 | AN106: hydro
I107: elc_spv_003 | J107: S01aH01 | K107: 0.0092102712 | L107: IMPNRGZ | N107: elc_won_003 | O107: S01aH01 | P107: 0.027252827 | Q107: IMPNRGZ | S107: elc_wof_003 | T107: S01aH01 | U107: 0.027072834 | V107: IMPNRGZ | AK107: 2034 | AL107: S01 | AM107: 0.5035 | AN107: hydro
I108: elc_spv_003 | J108: S01aH02 | K108: 0.041050954 | L108: IMPNRGZ | N108: elc_won_003 | O108: S01aH02 | P108: 0.016614598 | Q108: IMPNRGZ | S108: elc_wof_003 | T108: S01aH02 | U108: 0.015266328 | V108: IMPNRGZ | AK108: 2034 | AL108: S02 | AM108: 0.4984 | AN108: hydro
I109: elc_spv_003 | J109: S01aH03 | K109: 0.069934591 | L109: IMPNRGZ | N109: elc_won_003 | O109: S01aH03 | P109: 0.026702117 | Q109: IMPNRGZ | S109: elc_wof_003 | T109: S01aH03 | U109: 0.023446197 | V109: IMPNRGZ | AK109: 2034 | AL109: S03 | AM109: 0.424 | AN109: hydro
I110: elc_spv_003 | J110: S01aH04 | K110: 0.0088407027 | L110: IMPNRGZ | N110: elc_won_003 | O110: S01aH04 | P110: 0.0046957659 | Q110: IMPNRGZ | S110: elc_wof_003 | T110: S01aH04 | U110: 0.0041387526 | V110: IMPNRGZ | AK110: 2034 | AL110: S04 | AM110: 0.4763 | AN110: hydro
I111: elc_spv_003 | J111: S01aH05 | K111: 0.0065787196 | L111: IMPNRGZ | N111: elc_won_003 | O111: S01aH05 | P111: 0.0046544077 | Q111: IMPNRGZ | S111: elc_wof_003 | T111: S01aH05 | U111: 0.0042149223 | V111: IMPNRGZ | AK111: 2034 | AL111: S05 | AM111: 0.495 | AN111: hydro
I112: elc_spv_003 | J112: S01aH06 | K112: 0.0019026291 | L112: IMPNRGZ | N112: elc_won_003 | O112: S01aH06 | P112: 0.021829565 | Q112: IMPNRGZ | S112: elc_wof_003 | T112: S01aH06 | U112: 0.020703985 | V112: IMPNRGZ | AK112: 2034 | AL112: S06 | AM112: 0.53783333 | AN112: hydro
I113: elc_spv_003 | J113: S02aH01 | K113: 0.0048534997 | L113: IMPNRGZ | N113: elc_won_003 | O113: S02aH01 | P113: 0.015711084 | Q113: IMPNRGZ | S113: elc_wof_003 | T113: S02aH01 | U113: 0.019874231 | V113: IMPNRGZ | AK113: 2034 | AL113: S07 | AM113: 0.5521 | AN113: hydro
I114: elc_spv_003 | J114: S02aH02 | K114: 0.035109743 | L114: IMPNRGZ | N114: elc_won_003 | O114: S02aH02 | P114: 0.0099557977 | Q114: IMPNRGZ | S114: elc_wof_003 | T114: S02aH02 | U114: 0.012495781 | V114: IMPNRGZ | AK114: 2034 | AL114: S08 | AM114: 0.4963 | AN114: hydro
I115: elc_spv_003 | J115: S02aH03 | K115: 0.060202869 | L115: IMPNRGZ | N115: elc_won_003 | O115: S02aH03 | P115: 0.0155908 | Q115: IMPNRGZ | S115: elc_wof_003 | T115: S02aH03 | U115: 0.017900632 | V115: IMPNRGZ | AK115: 2035 | AL115: S01 | AM115: 0.5054 | AN115: hydro
I116: elc_spv_003 | J116: S02aH04 | K116: 0.0078908312 | L116: IMPNRGZ | N116: elc_won_003 | O116: S02aH04 | P116: 0.0029185947 | Q116: IMPNRGZ | S116: elc_wof_003 | T116: S02aH04 | U116: 0.0029428778 | V116: IMPNRGZ | AK116: 2035 | AL116: S02 | AM116: 0.5724 | AN116: hydro
I117: elc_spv_003 | J117: S02aH05 | K117: 0.0054523811 | L117: IMPNRGZ | N117: elc_won_003 | O117: S02aH05 | P117: 0.0028736796 | Q117: IMPNRGZ | S117: elc_wof_003 | T117: S02aH05 | U117: 0.0029557626 | V117: IMPNRGZ | AK117: 2035 | AL117: S03 | AM117: 0.5572 | AN117: hydro
I118: elc_spv_003 | J118: S02aH06 | K118: 0 | L118: IMPNRGZ | N118: elc_won_003 | O118: S02aH06 | P118: 0.012231943 | Q118: IMPNRGZ | S118: elc_wof_003 | T118: S02aH06 | U118: 0.013925452 | V118: IMPNRGZ | AK118: 2035 | AL118: S04 | AM118: 0.53375 | AN118: hydro
... I242: elc_spv_005 | J242: S07aH04 | K242: 0.0061000127 | L242: IMPNRGZ | N242: elc_won_005 | O242: S07aH04 | P242: 0.005035275 | Q242: IMPNRGZ | S242: elc_wof_005 | T242: S07aH04 | U242: 0.004491622 | V242: IMPNRGZ | AK242: 2050 | AL242: S08 | AM242: 0.49925 | AN242: hydro
I243: elc_spv_005 | J243: S07aH05 | K243: 0.0017899603 | L243: IMPNRGZ | N243: elc_won_005 | O243: S07aH05 | P243: 0.0048922865 | Q243: IMPNRGZ | S243: elc_wof_005 | T243: S07aH05 | U243: 0.0045450225 | V243: IMPNRGZ
I244: elc_spv_005 | J244: S07aH06 | K244: 0 | L244: IMPNRGZ | N244: elc_won_005 | O244: S07aH06 | P244: 0.023129983 | Q244: IMPNRGZ | S244: elc_wof_005 | T244: S07aH06 | U244: 0.022763854 | V244: IMPNRGZ
I245: elc_spv_005 | J245: S08aH01 | K245: 0.020181484 | L245: IMPNRGZ | N245: elc_won_005 | O245: S08aH01 | P245: 0.037353684 | Q245: IMPNRGZ | S245: elc_wof_005 | T245: S08aH01 | U245: 0.03635163 | V245: IMPNRGZ
I246: elc_spv_005 | J246: S08aH02 | K246: 0.081305 | L246: IMPNRGZ | N246: elc_won_005 | O246: S08aH02 | P246: 0.020906945 | Q246: IMPNRGZ | S246: elc_wof_005 | T246: S08aH02 | U246: 0.01964215 | V246: IMPNRGZ
I247: elc_spv_005 | J247: S08aH03 | K247: 0.12173109 | L247: IMPNRGZ | N247: elc_won_005 | O247: S08aH03 | P247: 0.037742481 | Q247: IMPNRGZ | S247: elc_wof_005 | T247: S08aH03 | U247: 0.035870189 | V247: IMPNRGZ
I248: elc_spv_005 | J248: S08aH04 | K248: 0.014726551 | L248: IMPNRGZ | N248: elc_won_005 | O248: S08aH04 | P248: 0.0066641667 | Q248: IMPNRGZ | S248: elc_wof_005 | T248: S08aH04 | U248: 0.0069827337 | V248: IMPNRGZ
I249: elc_spv_005 | J249: S08aH05 | K249: 0.0099236236 | L249: IMPNRGZ | N249: elc_won_005 | O249: S08aH05 | P249: 0.0062477625 | Q249: IMPNRGZ | S249: elc_wof_005 | T249: S08aH05 | U249: 0.0066335175 | V249: IMPNRGZ
I250: elc_spv_005 | J250: S08aH06 | K250: 0.0015774989 | L250: IMPNRGZ | N250: elc_won_005 | O250: S08aH06 | P250: 0.028661846 | Q250: IMPNRGZ | S250: elc_wof_005 | T250: S08aH06 | U250: 0.029527203 | V250: IMPNRGZ
I251: elc_spv_006 | J251: S01aH01 | K251: 0.010211278 | L251: IMPNRGZ | N251: elc_won_006 | O251: S01aH01 | P251: 0.019741769 | Q251: IMPNRGZ | S251: elc_wof_006 | T251: S01aH01 | U251: 0.020715861 | V251: IMPNRGZ
I252: elc_spv_006 | J252: S01aH02 | K252: 0.044155684 | L252: IMPNRGZ | N252: elc_won_006 | O252: S01aH02 | P252: 0.015228565 | Q252: IMPNRGZ | S252: elc_wof_006 | T252: S01aH02 | U252: 0.010772884 | V252: IMPNRGZ
I253: elc_spv_006 | J253: S01aH03 | K253: 0.074869384 | L253: IMPNRGZ | N253: elc_won_006 | O253: S01aH03 | P253: 0.043902303 | Q253: IMPNRGZ | S253: elc_wof_006 | T253: S01aH03 | U253: 0.017616027 | V253: IMPNRGZ
I254: elc_spv_006 | J254: S01aH04 | K254: 0.010141383 | L254: IMPNRGZ | N254: elc_won_006 | O254: S01aH04 | P254: 0.0062597532 | Q254: IMPNRGZ | S254: elc_wof_006 | T254: S01aH04 | U254: 0.0035420358 | V254: IMPNRGZ
... I730: elc_spv_015 | J730: S08aH06 | K730: 0.0081281027 | L730: IMPNRGZ | N730: elc_won_015 | O730: S08aH06 | P730: 0.026114776 | Q730: IMPNRGZ | S730: elc_wof_015 | T730: S08aH06 | U730: 0.031829365 | V730: IMPNRGZ
I731: elc_spv_016 | J731: S01aH01 | K731: 0.006427685 | L731: IMPNRGZ | S731: elc_wof_016 | T731: S01aH01 | U731: 0.022049689 | V731: IMPNRGZ
I732: elc_spv_016 | J732: S01aH02 | K732: 0.041478875 | L732: IMPNRGZ | S732: elc_wof_016 | T732: S01aH02 | U732: 0.013465028 | V732: IMPNRGZ
I733: elc_spv_016 | J733: S01aH03 | K733: 0.073884318 | L733: IMPNRGZ | S733: elc_wof_016 | T733: S01aH03 | U733: 0.021464902 | V733: IMPNRGZ
I734: elc_spv_016 | J734: S01aH04 | K734: 0.010292167 | L734: IMPNRGZ | S734: elc_wof_016 | T734: S01aH04 | U734: 0.0034996277 | V734: IMPNRGZ
I735: elc_spv_016 | J735: S01aH05 | K735: 0.0085753386 | L735: IMPNRGZ | S735: elc_wof_016 | T735: S01aH05 | U735: 0.0034043622 | V735: IMPNRGZ
I736: elc_spv_016 | J736: S01aH06 | K736: 0.0054685334 | L736: IMPNRGZ | S736: elc_wof_016 | T736: S01aH06 | U736: 0.016000687 | V736: IMPNRGZ
I737: elc_spv_016 | J737: S02aH01 | K737: 0.0048944186 | L737: IMPNRGZ | S737: elc_wof_016 | T737: S02aH01 | U737: 0.022091179 | V737: IMPNRGZ
I738: elc_spv_016 | J738: S02aH02 | K738: 0.038973992 | L738: IMPNRGZ | S738: elc_wof_016 | T738: S02aH02 | U738: 0.012129214 | V738: IMPNRGZ
I739: elc_spv_016 | J739: S02aH03 | K739: 0.068155613 | L739: IMPNRGZ | S739: elc_wof_016 | T739: S02aH03 | U739: 0.017780201 | V739: IMPNRGZ
I740: elc_spv_016 | J740: S02aH04 | K740: 0.0091916299 | L740: IMPNRGZ | S740: elc_wof_016 | T740: S02aH04 | U740: 0.0030470462 | V740: IMPNRGZ
I741: elc_spv_016 | J741: S02aH05 | K741: 0.0068737889 | L741: IMPNRGZ | S741: elc_wof_016 | T741: S02aH05 | U741: 0.0030495441 | V741: IMPNRGZ
I742: elc_spv_016 | J742: S02aH06 | K742: 0.0025892201 | L742: IMPNRGZ | S742: elc_wof_016 | T742: S02aH06 | U742: 0.015079569 | V742: IMPNRGZ
... I778: elc_spv_016 | J778: S08aH06 | K778: 0.005249576 | L778: IMPNRGZ | S778: elc_wof_016 | T778: S08aH06 | U778: 0.030462183 | V778: IMPNRGZ
S779: elc_wof_017 | T779: S01aH01 | U779: 0.025474534 | V779: IMPNRGZ
S780: elc_wof_017 | T780: S01aH02 | U780: 0.014465092 | V780: IMPNRGZ
S781: elc_wof_017 | T781: S01aH03 | U781: 0.022108148 | V781: IMPNRGZ
S782: elc_wof_017 | T782: S01aH04 | U782: 0.0036276462 | V782: IMPNRGZ
S783: elc_wof_017 | T783: S01aH05 | U783: 0.0035919024 | V783: IMPNRGZ
S784: elc_wof_017 | T784: S01aH06 | U784: 0.017619582 | V784: IMPNRGZ
S785: elc_wof_017 | T785: S02aH01 | U785: 0.024116301 | V785: IMPNRGZ
S786: elc_wof_017 | T786: S02aH02 | U786: 0.012862471 | V786: IMPNRGZ
S787: elc_wof_017 | T787: S02aH03 | U787: 0.020707294 | V787: IMPNRGZ
S788: elc_wof_017 | T788: S02aH04 | U788: 0.0035812194 | V788: IMPNRGZ
S789: elc_wof_017 | T789: S02aH05 | U789: 0.0035952867 | V789: IMPNRGZ
S790: elc_wof_017 | T790: S02aH06 | U790: 0.017606776 | V790: IMPNRGZ
... S1594: elc_wof_033 | T1594: S08aH06 | U1594: 0.03370984 | V1594: IMPNRGZ

Sheet ts_annual
C9: =IF(A11="x","DeActivated","~TimeSlices") -> DeActivated | I9: =IF(A11="x","DeActivated","~TFM_DINS-AT") -> DeActivated | N9: =IF(A11="x","DeActivated","~TFM_DINS-AT") -> DeActivated | S9: =IF(A11="x","DeActivated","~TFM_DINS-AT") -> DeActivated | X9: =IF(A11="x","DeActivated","~TFM_DINS-AT") -> DeActivated | AC9: =IF(A11="x","DeActivated","~TFM_DINS-AT") -> DeActivated | AG9: =IF(A11="x","DeActivated","~TFM_DINS-AT") -> DeActivated | AK9: =IF(A11="x","DeActivated","~TFM_INS-AT") -> DeActivated
A10: ts_annual | C10: season | D10: weekly | E10: daynite | F10: wparent | G10: dparent | I10: commodity | J10: timeslice | K10: com_fr | L10: process | N10: commodity | O10: timeslice | P10: com_fr | Q10: process | S10: commodity | T10: timeslice | U10: com_fr | V10: process | X10: g_yrfr | Y10: com_fr | Z10: timeslice | AA10: commodity | AC10: commodity | AD10: timeslice | AE10: com_fr | AG10: commodity | AH10: timeslice | AI10: com_pkflx | AK10: Year | AL10: timeslice | AM10: ncap_afs | AN10: pset_ci
A11: =IFERROR(IF(Veda!D5=A10,"ok","x"),"") -> x | C11: AllS | D11: a | E11: AllH | F11: AllS | G11: a | I11: elc_spv_001 | J11: AllSaAllH | K11: 1 | L11: IMPNRGZ | N11: elc_won_001 | O11: AllSaAllH | P11: 1 | Q11: IMPNRGZ | S11: elc_wof_001 | T11: AllSaAllH | U11: 1 | V11: IMPNRGZ | X11: 1 | Y11: 1 | Z11: AllSaAllH | AA11: elc_roadtransport | AC11: elc_buildings | AD11: AllSaAllH | AE11: 1 | AG11: ELC | AH11: AllSaAllH | AI11: 0.37612617 | AK11: 2020 | AL11: AllS | AM11: 0.48928256 | AN11: hydro
I12: elc_spv_002 | J12: AllSaAllH | K12: 1 | L12: IMPNRGZ | N12: elc_won_002 | O12: AllSaAllH | P12: 1 | Q12: IMPNRGZ | S12: elc_wof_002 | T12: AllSaAllH | U12: 1 | V12: IMPNRGZ | AC12: elc_industry | AD12: AllSaAllH | AE12: 1 | AK12: 2021 | AL12: AllS | AM12: 0.48782387 | AN12: hydro
I13: elc_spv_003 | J13: AllSaAllH | K13: 1 | L13: IMPNRGZ | N13: elc_won_003 | O13: AllSaAllH | P13: 1 | Q13: IMPNRGZ | S13: elc_wof_003 | T13: AllSaAllH | U13: 1 | V13: IMPNRGZ | AK13: 2022 | AL13: AllS | AM13: 0.50609765 | AN13: hydro
I14: elc_spv_004 | J14: AllSaAllH | K14: 1 | L14: IMPNRGZ | N14: elc_won_004 | O14: AllSaAllH | P14: 1 | Q14: IMPNRGZ | S14: elc_wof_004 | T14: AllSaAllH | U14: 1 | V14: IMPNRGZ | AK14: 2025 | AL14: AllS | AM14: 0.507475 | AN14: hydro
I15: elc_spv_005 | J15: AllSaAllH | K15: 1 | L15: IMPNRGZ | N15: elc_won_005 | O15: AllSaAllH | P15: 1 | Q15: IMPNRGZ | S15: elc_wof_005 | T15: AllSaAllH | U15: 1 | V15: IMPNRGZ | AK15: 2026 | AL15: AllS | AM15: 0.50488333 | AN15: hydro
I16: elc_spv_006 | J16: AllSaAllH | K16: 1 | L16: IMPNRGZ | N16: elc_won_006 | O16: AllSaAllH | P16: 1 | Q16: IMPNRGZ | S16: elc_wof_006 | T16: AllSaAllH | U16: 1 | V16: IMPNRGZ | AK16: 2027 | AL16: AllS | AM16: 0.49975 | AN16: hydro
I17: elc_spv_007 | J17: AllSaAllH | K17: 1 | L17: IMPNRGZ | N17: elc_won_007 | O17: AllSaAllH | P17: 1 | Q17: IMPNRGZ | S17: elc_wof_007 | T17: AllSaAllH | U17: 1 | V17: IMPNRGZ | AK17: 2028 | AL17: AllS | AM17: 0.48689167 | AN17: hydro
I18: elc_spv_008 | J18: AllSaAllH | K18: 1 | L18: IMPNRGZ | N18: elc_won_008 | O18: AllSaAllH | P18: 1 | Q18: IMPNRGZ | S18: elc_wof_008 | T18: AllSaAllH | U18: 1 | V18: IMPNRGZ | AK18: 2029 | AL18: AllS | AM18: 0.559175 | AN18: hydro
I19: elc_spv_009 | J19: AllSaAllH | K19: 1 | L19: IMPNRGZ | N19: elc_won_009 | O19: AllSaAllH | P19: 1 | Q19: IMPNRGZ | S19: elc_wof_009 | T19: AllSaAllH | U19: 1 | V19: IMPNRGZ | AK19: 2030 | AL19: AllS | AM19: 0.56373333 | AN19: hydro
I20: elc_spv_010 | J20: AllSaAllH | K20: 1 | L20: IMPNRGZ | N20: elc_won_010 | O20: AllSaAllH | P20: 1 | Q20: IMPNRGZ | S20: elc_wof_010 | T20: AllSaAllH | U20: 1 | V20: IMPNRGZ | AK20: 2031 | AL20: AllS | AM20: 0.57908333 | AN20: hydro
I21: elc_spv_011 | J21: AllSaAllH | K21: 1 | L21: IMPNRGZ | N21: elc_won_011 | O21: AllSaAllH | P21: 1 | Q21: IMPNRGZ | S21: elc_wof_011 | T21: AllSaAllH | U21: 1 | V21: IMPNRGZ | AK21: 2032 | AL21: AllS | AM21: 0.574025 | AN21: hydro
I22: elc_spv_012 | J22: AllSaAllH | K22: 1 | L22: IMPNRGZ | N22: elc_won_012 | O22: AllSaAllH | P22: 1 | Q22: IMPNRGZ | S22: elc_wof_012 | T22: AllSaAllH | U22: 1 | V22: IMPNRGZ | AK22: 2033 | AL22: AllS | AM22: 0.59891667 | AN22: hydro
I23: elc_spv_013 | J23: AllSaAllH | K23: 1 | L23: IMPNRGZ | N23: elc_won_013 | O23: AllSaAllH | P23: 1 | Q23: IMPNRGZ | S23: elc_wof_013 | T23: AllSaAllH | U23: 1 | V23: IMPNRGZ | AK23: 2034 | AL23: AllS | AM23: 0.50264167 | AN23: hydro
I24: elc_spv_014 | J24: AllSaAllH | K24: 1 | L24: IMPNRGZ | N24: elc_won_014 | O24: AllSaAllH | P24: 1 | Q24: IMPNRGZ | S24: elc_wof_014 | T24: AllSaAllH | U24: 1 | V24: IMPNRGZ | AK24: 2035 | AL24: AllS | AM24: 0.58405 | AN24: hydro
I25: elc_spv_015 | J25: AllSaAllH | K25: 1 | L25: IMPNRGZ | N25: elc_won_015 | O25: AllSaAllH | P25: 1 | Q25: IMPNRGZ | S25: elc_wof_015 | T25: AllSaAllH | U25: 1 | V25: IMPNRGZ | AK25: 2036 | AL25: AllS | AM25: 0.5724 | AN25: hydro
I26: elc_spv_016 | J26: AllSaAllH | K26: 1 | L26: IMPNRGZ | S26: elc_wof_016 | T26: AllSaAllH | U26: 1 | V26: IMPNRGZ | AK26: 2037 | AL26: AllS | AM26: 0.431275 | AN26: hydro
S27: elc_wof_017 | T27: AllSaAllH | U27: 1 | V27: IMPNRGZ | AK27: 2038 | AL27: AllS | AM27: 0.572725 | AN27: hydro
S28: elc_wof_018 | T28: AllSaAllH | U28: 1 | V28: IMPNRGZ | AK28: 2039 | AL28: AllS | AM28: 0.41674167 | AN28: hydro
S29: elc_wof_019 | T29: AllSaAllH | U29: 1 | V29: IMPNRGZ | AK29: 2040 | AL29: AllS | AM29: 0.43020833 | AN29: hydro
S30: elc_wof_020 | T30: AllSaAllH | U30: 1 | V30: IMPNRGZ | AK30: 2041 | AL30: AllS | AM30: 0.4377 | AN30: hydro
S31: elc_wof_021 | T31: AllSaAllH | U31: 1 | V31: IMPNRGZ | AK31: 2042 | AL31: AllS | AM31: 0.40799167 | AN31: hydro
S32: elc_wof_022 | T32: AllSaAllH | U32: 1 | V32: IMPNRGZ | AK32: 2043 | AL32: AllS | AM32: 0.42603333 | AN32: hydro
S33: elc_wof_023 | T33: AllSaAllH | U33: 1 | V33: IMPNRGZ | AK33: 2044 | AL33: AllS | AM33: 0.417925 | AN33: hydro
S34: elc_wof_024 | T34: AllSaAllH | U34: 1 | V34: IMPNRGZ | AK34: 2045 | AL34: AllS | AM34: 0.58658333 | AN34: hydro
S35: elc_wof_025 | T35: AllSaAllH | U35: 1 | V35: IMPNRGZ | AK35: 2046 | AL35: AllS | AM35: 0.57840833 | AN35: hydro
S36: elc_wof_026 | T36: AllSaAllH | U36: 1 | V36: IMPNRGZ | AK36: 2047 | AL36: AllS | AM36: 0.5642 | AN36: hydro
S37: elc_wof_027 | T37: AllSaAllH | U37: 1 | V37: IMPNRGZ | AK37: 2048 | AL37: AllS | AM37: 0.56918333 | AN37: hydro
S38: elc_wof_028 | T38: AllSaAllH | U38: 1 | V38: IMPNRGZ | AK38: 2049 | AL38: AllS | AM38: 0.49561667 | AN38: hydro
S39: elc_wof_029 | T39: AllSaAllH | U39: 1 | V39: IMPNRGZ | AK39: 2050 | AL39: AllS | AM39: 0.48384167 | AN39: hydro
S40: elc_wof_030 | T40: AllSaAllH | U40: 1 | V40: IMPNRGZ
S41: elc_wof_031 | T41: AllSaAllH | U41: 1 | V41: IMPNRGZ
S42: elc_wof_032 | T42: AllSaAllH | U42: 1 | V42: IMPNRGZ
S43: elc_wof_033 | T43: AllSaAllH | U43: 1 | V43: IMPNRGZ

Sheet ts_12t
C9: =IF(A11="x","DeActivated","~TimeSlices") -> DeActivated | I9: =IF(A11="x","DeActivated","~TFM_DINS-AT") -> DeActivated | N9: =IF(A11="x","DeActivated","~TFM_DINS-AT") -> DeActivated | S9: =IF(A11="x","DeActivated","~TFM_DINS-AT") -> DeActivated | X9: =IF(A11="x","DeActivated","~TFM_DINS-AT") -> DeActivated | AC9: =IF(A11="x","DeActivated","~TFM_DINS-AT") -> DeActivated | AG9: =IF(A11="x","DeActivated","~TFM_DINS-AT") -> DeActivated | AK9: =IF(A11="x","DeActivated","~TFM_INS-AT") -> DeActivated
A10: ts_12t | C10: season | D10: weekly | E10: daynite | F10: wparent | G10: dparent | I10: commodity | J10: timeslice | K10: com_fr | L10: process | N10: commodity | O10: timeslice | P10: com_fr | Q10: process | S10: commodity | T10: timeslice | U10: com_fr | V10: process | X10: g_yrfr | Y10: com_fr | Z10: timeslice | AA10: commodity | AC10: commodity | AD10: timeslice | AE10: com_fr | AG10: commodity | AH10: timeslice | AI10: com_pkflx | AK10: Year | AL10: timeslice | AM10: ncap_afs | AN10: pset_ci
A11: =IFERROR(IF(Veda!D5=A10,"ok","x"),"") -> x | C11: F | D11: a | E11: D | F11: W,R,S,F | G11: a | I11: elc_spv_001 | J11: FaD | K11: 0.25547648 | L11: IMPNRGZ | N11: elc_won_001 | O11: FaD | P11: 0.13593919 | Q11: IMPNRGZ | S11: elc_wof_001 | T11: FaD | U11: 0.098830018 | V11: IMPNRGZ | X11: 0.11426941 | Y11: 0.16087081 | Z11: FaD | AA11: elc_roadtransport | AC11: elc_buildings | AD11: FaD | AE11: 0.10093429 | AG11: ELC | AH11: FaD | AI11: 0.3599885 | AK11: 2020 | AL11: F | AM11: 0.49906331 | AN11: hydro
C12: R | E12: N | G12: a | I12: elc_spv_001 | J12: FaN | K12: 0.0047811849 | L12: IMPNRGZ | N12: elc_won_001 | O12: FaN | P12: 0.12768991 | Q12: IMPNRGZ | S12: elc_wof_001 | T12: FaN | U12: 0.092572221 | V12: IMPNRGZ | X12: 0.11426941 | Y12: 0.052547713 | Z12: FaN | AA12: elc_roadtransport | AC12: elc_buildings | AD12: FaN | AE12: 0.12720739 | AG12: ELC | AH12: FaN | AI12: 0.17305802 | AK12: 2020 | AL12: R | AM12: 0.46570824 | AN12: hydro
C13: S | E13: P | G13: a | I13: elc_spv_001 | J13: FaP | K13: 0.037459965 | L13: IMPNRGZ | N13: elc_won_001 | O13: FaP | P13: 0.024863296 | Q13: IMPNRGZ | S13: elc_wof_001 | T13: FaP | U13: 0.017833706 | V13: IMPNRGZ | X13: 0.020776256 | Y13: 0.035896543 | Z13: FaP | AA13: elc_roadtransport | AC13: elc_buildings | AD13: FaP | AE13: 0.01871836 | AG13: ELC | AH13: FaP | AI13: 0.24560595 | AK13: 2020 | AL13: S | AM13: 0.50076538 | AN13: hydro
C14: W | I14: elc_spv_001 | J14: RaD | K14: 0.17289922 | L14: IMPNRGZ | N14: elc_won_001 | O14: RaD | P14: 0.10439394 | Q14: IMPNRGZ | S14: elc_wof_001 | T14: RaD | U14: 0.11407017 | V14: IMPNRGZ | X14: 0.11552511 | Y14: 0.16263862 | Z14: RaD | AA14: elc_roadtransport | AC14: elc_buildings | AD14: RaD | AE14: 0.10078018 | AG14: ELC | AH14: RaD | AI14: 0.39515618 | AK14: 2020 | AL14: W | AM14: 0.49159333 | AN14: hydro
I15: elc_spv_001 | J15: RaN | K15: 0.0013351281 | L15: IMPNRGZ | N15: elc_won_001 | O15: RaN | P15: 0.099913825 | Q15: IMPNRGZ | S15: elc_wof_001 | T15: RaN | U15: 0.11064685 | V15: IMPNRGZ | X15: 0.11552511 | Y15: 0.053125161 | Z15: RaN | AA15: elc_roadtransport | AC15: elc_buildings | AD15: RaN | AE15: 0.1252257 | AG15: ELC | AH15: RaN | AI15: 0.21556391 | AK15: 2021 | AL15: F | AM15: 0.53952865 | AN15: hydro
I16: elc_spv_001 | J16: RaP | K16: 0.023753683 | L16: IMPNRGZ | N16: elc_won_001 | O16: RaP | P16: 0.019342935 | Q16: IMPNRGZ | S16: elc_wof_001 | T16: RaP | U16: 0.020780685 | V16: IMPNRGZ | X16: 0.021004566 | Y16: 0.036291011 | Z16: RaP | AA16: elc_roadtransport | AC16: elc_buildings | AD16: RaP | AE16: 0.017370162 | AG16: ELC | AH16: RaP | AI16: 0.18511195 | AK16: 2021 | AL16: R | AM16: 0.42609394 | AN16: hydro
I17: elc_spv_001 | J17: SaD | K17: 0.10791068 | L17: IMPNRGZ | N17: elc_won_001 | O17: SaD | P17: 0.11903478 | Q17: IMPNRGZ | S17: elc_wof_001 | T17: SaD | U17: 0.13691116 | V17: IMPNRGZ | X17: 0.11552511 | Y17: 0.16263862 | Z17: SaD | AA17: elc_roadtransport | AC17: elc_buildings | AD17: SaD | AE17: 0.11587542 | AG17: ELC | AH17: SaD | AI17: 0.32459355 | AK17: 2021 | AL17: S | AM17: 0.51814297 | AN17: hydro
I18: elc_spv_001 | J18: SaN | K18: 0 | L18: IMPNRGZ | N18: elc_won_001 | O18: SaN | P18: 0.11963105 | Q18: IMPNRGZ | S18: elc_wof_001 | T18: SaN | U18: 0.13502949 | V18: IMPNRGZ | X18: 0.11552511 | Y18: 0.053125161 | Z18: SaN | AA18: elc_roadtransport | AC18: elc_buildings | AD18: SaN | AE18: 0.14095344 | AG18: ELC | AH18: SaN | AI18: 0.20944327 | AK18: 2021 | AL18: W | AM18: 0.46752992 | AN18: hydro
I19: elc_spv_001 | J19: SaP | K19: 0.011611905 | L19: IMPNRGZ | N19: elc_won_001 | O19: SaP | P19: 0.021673463 | Q19: IMPNRGZ | S19: elc_wof_001 | T19: SaP | U19: 0.024423679 | V19: IMPNRGZ | X19: 0.021004566 | Y19: 0.036291011 | Z19: SaP | AA19: elc_roadtransport | AC19: elc_buildings | AD19: SaP | AE19: 0.019499469 | AG19: ELC | AH19: SaP | AI19: 0.21278443 | AK19: 2022 | AL19: F | AM19: 0.56858099 | AN19: hydro
I20: elc_spv_001 | J20: WaD | K20: 0.31415462 | L20: IMPNRGZ | N20: elc_won_001 | O20: WaD | P20: 0.1037588 | Q20: IMPNRGZ | S20: elc_wof_001 | T20: WaD | U20: 0.11431224 | V20: IMPNRGZ | X20: 0.1130137 | Y20: 0.159103 | Z20: WaD | AA20: elc_roadtransport | AC20: elc_buildings | AD20: WaD | AE20: 0.094110631 | AG20: ELC | AH20: WaD | AI20: 0.24183427 | AK20: 2022 | AL20: R | AM20: 0.4239708 | AN20: hydro
I21: elc_spv_001 | J21: WaN | K21: 0.018068807 | L21: IMPNRGZ | N21: elc_won_001 | O21: WaN | P21: 0.10321957 | Q21: IMPNRGZ | S21: elc_wof_001 | T21: WaN | U21: 0.1131275 | V21: IMPNRGZ | X21: 0.1130137 | Y21: 0.051970266 | Z21: WaN | AA21: elc_roadtransport | AC21: elc_buildings | AD21: WaN | AE21: 0.12119065 | AG21: ELC | AH21: WaN | AI21: 0.066070849 | AK21: 2022 | AL21: S | AM21: 0.55059674 | AN21: hydro
I22: elc_spv_001 | J22: WaP | K22: 0.052548331 | L22: IMPNRGZ | N22: elc_won_001 | O22: WaP | P22: 0.020539246 | Q22: IMPNRGZ | S22: elc_wof_001 | T22: WaP | U22: 0.021462278 | V22: IMPNRGZ | X22: 0.020547945 | Y22: 0.035502076 | Z22: WaP | AA22: elc_roadtransport | AC22: elc_buildings | AD22: WaP | AE22: 0.018134297 | AG22: ELC | AH22: WaP | AI22: 0.14087647 | AK22: 2022 | AL22: W | AM22: 0.48124207 | AN22: hydro
I23: elc_spv_002 | J23: FaD | K23: 0.27668612 | L23: IMPNRGZ | N23: elc_won_002 | O23: FaD | P23: 0.142506 | Q23: IMPNRGZ | S23: elc_wof_002 | T23: FaD | U23: 0.12266939 | V23: IMPNRGZ | AC23: elc_industry | AD23: FaD | AE23: 0.11348607 | AK23: 2025 | AL23: F | AM23: 0.53066667 | AN23: hydro
I24: elc_spv_002 | J24: FaN | K24: 0.0037387061 | L24: IMPNRGZ | N24: elc_won_002 | O24: FaN | P24: 0.13530117 | Q24: IMPNRGZ | S24: elc_wof_002 | T24: FaN | U24: 0.12248476 | V24: IMPNRGZ | AC24: elc_industry | AD24: FaN | AE24: 0.11515679 | AK24: 2025 | AL24: R | AM24: 0.4939 | AN24: hydro
I25: elc_spv_002 | J25: FaP | K25: 0.022885885 | L25: IMPNRGZ | N25: elc_won_002 | O25: FaP | P25: 0.026349683 | Q25: IMPNRGZ | S25: elc_wof_002 | T25: FaP | U25: 0.023184445 | V25: IMPNRGZ | AC25: elc_industry | AD25: FaP | AE25: 0.020657148 | AK25: 2025 | AL25: S | AM25: 0.52786667 | AN25: hydro
I26: elc_spv_002 | J26: RaD | K26: 0.18977641 | L26: IMPNRGZ | N26: elc_won_002 | O26: RaD | P26: 0.096934381 | Q26: IMPNRGZ | S26: elc_wof_002 | T26: RaD | U26: 0.10446511 | V26: IMPNRGZ | AC26: elc_industry | AD26: RaD | AE26: 0.11481602 | AK26: 2025 | AL26: W | AM26: 0.47746667 | AN26: hydro
I27: elc_spv_002 | J27: RaN | K27: 0 | L27: IMPNRGZ | N27: elc_won_002 | O27: RaN | P27: 0.091895892 | Q27: IMPNRGZ | S27: elc_wof_002 | T27: RaN | U27: 0.10603291 | V27: IMPNRGZ | AC27: elc_industry | AD27: RaN | AE27: 0.11637052 | AK27: 2026 | AL27: F | AM27: 0.52616667 | AN27: hydro
I28: elc_spv_002 | J28: RaP | K28: 0.013537866 | L28: IMPNRGZ | N28: elc_won_002 | O28: RaP | P28: 0.018039077 | Q28: IMPNRGZ | S28: elc_wof_002 | T28: RaP | U28: 0.019954885 | V28: IMPNRGZ | AC28: elc_industry | AD28: RaP | AE28: 0.020815006 | AK28: 2026 | AL28: R | AM28: 0.43263333 | AN28: hydro
I29: elc_spv_002 | J29: SaD | K29: 0.12254449 | L29: IMPNRGZ | N29: elc_won_002 | O29: SaD | P29: 0.12526861 | Q29: IMPNRGZ | S29: elc_wof_002 | T29: SaD | U29: 0.12079966 | V29: IMPNRGZ | AC29: elc_industry | AD29: SaD | AE29: 0.11490819 | AK29: 2026 | AL29: S | AM29: 0.5666 | AN29: hydro
I30: elc_spv_002 | J30: SaN | K30: 0 | L30: IMPNRGZ | N30: elc_won_002 | O30: SaN | P30: 0.12238078 | Q30: IMPNRGZ | S30: elc_wof_002 | T30: SaN | U30: 0.12463783 | V30: IMPNRGZ | AC30: elc_industry | AD30: SaN | AE30: 0.11650291 | AK30: 2026 | AL30: W | AM30: 0.49413333 | AN30: hydro
I31: elc_spv_002 | J31: SaP | K31: 0.0037730383 | L31: IMPNRGZ | N31: elc_won_002 | O31: SaP | P31: 0.022589988 | Q31: IMPNRGZ | S31: elc_wof_002 | T31: SaP | U31: 0.022316882 | V31: IMPNRGZ | AC31: elc_industry | AD31: SaP | AE31: 0.020792637 | AK31: 2027 | AL31: F | AM31: 0.53036667 | AN31: hydro
I32: elc_spv_002 | J32: WaD | K32: 0.31715194 | L32: IMPNRGZ | N32: elc_won_002 | O32: WaD | P32: 0.10308112 | Q32: IMPNRGZ | S32: elc_wof_002 | T32: WaD | U32: 0.10538454 | V32: IMPNRGZ | AC32: elc_industry | AD32: WaD | AE32: 0.11215766 | AK32: 2027 | AL32: R | AM32: 0.4511 | AN32: hydro
I33: elc_spv_002 | J33: WaN | K33: 0.0088743585 | L33: IMPNRGZ | N33: elc_won_002 | O33: WaN | P33: 0.095857731 | Q33: IMPNRGZ | S33: elc_wof_002 | T33: WaN | U33: 0.10813107 | V33: IMPNRGZ | AC33: elc_industry | AD33: WaN | AE33: 0.11387969 | AK33: 2027 | AL33: S | AM33: 0.5322 | AN33: hydro
I34: elc_spv_002 | J34: WaP | K34: 0.041031189 | L34: IMPNRGZ | N34: elc_won_002 | O34: WaP | P34: 0.019795574 | Q34: IMPNRGZ | S34: elc_wof_002 | T34: WaP | U34: 0.019938521 | V34: IMPNRGZ | AC34: elc_industry | AD34: WaP | AE34: 0.020457372 | AK34: 2027 | AL34: W | AM34: 0.48533333 | AN34: hydro
I35: elc_spv_003 | J35: FaD | K35: 0.27222788 | L35: IMPNRGZ | N35: elc_won_003 | O35: FaD | P35: 0.13540405 | Q35: IMPNRGZ | S35: elc_wof_003 | T35: FaD | U35: 0.11922042 | V35: IMPNRGZ | AK35: 2028 | AL35: F | AM35: 0.4891 | AN35: hydro
I36: elc_spv_003 | J36: FaN | K36: 0.0048561681 | L36: IMPNRGZ | N36: elc_won_003 | O36: FaN | P36: 0.12572185 | Q36: IMPNRGZ | S36: elc_wof_003 | T36: FaN | U36: 0.1160926 | V36: IMPNRGZ | AK36: 2028 | AL36: R | AM36: 0.45883333 | AN36: hydro
I37: elc_spv_003 | J37: FaP | K37: 0.021619603 | L37: IMPNRGZ | N37: elc_won_003 | O37: FaP | P37: 0.024130008 | Q37: IMPNRGZ | S37: elc_wof_003 | T37: FaP | U37: 0.021916666 | V37: IMPNRGZ | AK37: 2028 | AL37: S | AM37: 0.53853333 | AN37: hydro
I38: elc_spv_003 | J38: RaD | K38: 0.19081382 | L38: IMPNRGZ | N38: elc_won_003 | O38: RaD | P38: 0.098261982 | Q38: IMPNRGZ | S38: elc_wof_003 | T38: RaD | U38: 0.11289738 | V38: IMPNRGZ | AK38: 2028 | AL38: W | AM38: 0.4611 | AN38: hydro
I39: elc_spv_003 | J39: RaN | K39: 0 | L39: IMPNRGZ | N39: elc_won_003 | O39: RaN | P39: 0.10079108 | Q39: IMPNRGZ | S39: elc_wof_003 | T39: RaN | U39: 0.10874812 | V39: IMPNRGZ | AK39: 2029 | AL39: F | AM39: 0.5729 | AN39: hydro
I40: elc_spv_003 | J40: RaP | K40: 0.011830287 | L40: IMPNRGZ | N40: elc_won_003 | O40: RaP | P40: 0.01951012 | Q40: IMPNRGZ | S40: elc_wof_003 | T40: RaP | U40: 0.020466057 | V40: IMPNRGZ | AK40: 2029 | AL40: R | AM40: 0.52616667 | AN40: hydro
I41: elc_spv_003 | J41: SaD | K41: 0.11735984 | L41: IMPNRGZ | N41: elc_won_003 | O41: SaD | P41: 0.120466 | Q41: IMPNRGZ | S41: elc_wof_003 | T41: SaD | U41: 0.12772379 | V41: IMPNRGZ | AK41: 2029 | AL41: S | AM41: 0.6206 | AN41: hydro
I42: elc_spv_003 | J42: SaN | K42: 0 | L42: IMPNRGZ | N42: elc_won_003 | O42: SaN | P42: 0.12186817 | Q42: IMPNRGZ | S42: elc_wof_003 | T42: SaN | U42: 0.12686768 | V42: IMPNRGZ | AK42: 2029 | AL42: W | AM42: 0.51703333 | AN42: hydro
I43: elc_spv_003 | J43: SaP | K43: 0.0024143798 | L43: IMPNRGZ | N43: elc_won_003 | O43: SaP | P43: 0.0223526 | Q43: IMPNRGZ | S43: elc_wof_003 | T43: SaP | U43: 0.023780612 | V43: IMPNRGZ | AK43: 2030 | AL43: F | AM43: 0.59133333 | AN43: hydro
I44: elc_spv_003 | J44: WaD | K44: 0.32751839 | L44: IMPNRGZ | N44: elc_won_003 | O44: WaD | P44: 0.10680844 | Q44: IMPNRGZ | S44: elc_wof_003 | T44: WaD | U44: 0.10136378 | V44: IMPNRGZ | AK44: 2030 | AL44: R | AM44: 0.5184 | AN44: hydro
I45: elc_spv_003 | J45: WaN | K45: 0.0088976162 | L45: IMPNRGZ | N45: elc_won_003 | O45: WaN | P45: 0.10269125 | Q45: IMPNRGZ | S45: elc_wof_003 | T45: WaN | U45: 0.10162564 | V45: IMPNRGZ | AK45: 2030 | AL45: S | AM45: 0.58833333 | AN45: hydro
I46: elc_spv_003 | J46: WaP | K46: 0.042462015 | L46: IMPNRGZ | N46: elc_won_003 | O46: WaP | P46: 0.021994431 | Q46: IMPNRGZ | S46: elc_wof_003 | T46: WaP | U46: 0.01929726 | V46: IMPNRGZ | AK46: 2030 | AL46: W | AM46: 0.55686667 | AN46: hydro
... I126: elc_spv_010 | J126: SaN | K126: 0 | L126: IMPNRGZ | N126: elc_won_010 | O126: SaN | P126: 0.12260288 | Q126: IMPNRGZ | S126: elc_wof_010 | T126: SaN | U126: 0.13451322 | V126: IMPNRGZ | AK126: 2050 | AL126: W | AM126: 0.48503333 | AN126: hydro
I127: elc_spv_010 | J127: SaP | K127: 0.0038685158 | L127: IMPNRGZ | N127: elc_won_010 | O127: SaP | P127: 0.022037438 | Q127: IMPNRGZ | S127: elc_wof_010 | T127: SaP | U127: 0.023075858 | V127: IMPNRGZ
I128: elc_spv_010 | J128: WaD | K128: 0.34215413 | L128: IMPNRGZ | N128: elc_won_010 | O128: WaD | P128: 0.11448695 | Q128: IMPNRGZ | S128: elc_wof_010 | T128: WaD | U128: 0.090972162 | V128: IMPNRGZ
I129: elc_spv_010 | J129: WaN | K129: 0.020804579 | L129: IMPNRGZ | N129: elc_won_010 | O129: WaN | P129: 0.095263808 | Q129: IMPNRGZ | S129: elc_wof_010 | T129: WaN | U129: 0.10097534 | V129: IMPNRGZ
I130: elc_spv_010 | J130: WaP | K130: 0.051379278 | L130: IMPNRGZ | N130: elc_won_010 | O130: WaP | P130: 0.02130358 | Q130: IMPNRGZ | S130: elc_wof_010 | T130: WaP | U130: 0.019559927 | V130: IMPNRGZ
I131: elc_spv_011 | J131: FaD | K131: 0.28551821 | L131: IMPNRGZ | N131: elc_won_011 | O131: FaD | P131: 0.11809395 | Q131: IMPNRGZ | S131: elc_wof_011 | T131: FaD | U131: 0.13214742 | V131: IMPNRGZ
I132: elc_spv_011 | J132: FaN | K132: 0.0067546642 | L132: IMPNRGZ | N132: elc_won_011 | O132: FaN | P132: 0.13721374 | Q132: IMPNRGZ | S132: elc_wof_011 | T132: FaN | U132: 0.12582558 | V132: IMPNRGZ
I133: elc_spv_011 | J133: FaP | K133: 0.034937975 | L133: IMPNRGZ | N133: elc_won_011 | O133: FaP | P133: 0.027145077 | Q133: IMPNRGZ | S133: elc_wof_011 | T133: FaP | U133: 0.023570986 | V133: IMPNRGZ
I134: elc_spv_011 | J134: RaD | K134: 0.151903 | L134: IMPNRGZ | N134: elc_won_011 | O134: RaD | P134: 0.092458028 | Q134: IMPNRGZ | S134: elc_wof_011 | T134: RaD | U134: 0.099019214 | V134: IMPNRGZ
I135: elc_spv_011 | J135: RaN | K135: 0 | L135: IMPNRGZ | N135: elc_won_011 | O135: RaN | P135: 0.10636791 | Q135: IMPNRGZ | S135: elc_wof_011 | T135: RaN | U135: 0.10033769 | V135: IMPNRGZ
I136: elc_spv_011 | J136: RaP | K136: 0.015777507 | L136: IMPNRGZ | N136: elc_won_011 | O136: RaP | P136: 0.021012696 | Q136: IMPNRGZ | S136: elc_wof_011 | T136: RaP | U136: 0.019530844 | V136: IMPNRGZ
I137: elc_spv_011 | J137: SaD | K137: 0.089683448 | L137: IMPNRGZ | N137: elc_won_011 | O137: SaD | P137: 0.11519183 | Q137: IMPNRGZ | S137: elc_wof_011 | T137: SaD | U137: 0.12698469 | V137: IMPNRGZ
I138: elc_spv_011 | J138: SaN | K138: 0 | L138: IMPNRGZ | N138: elc_won_011 | O138: SaN | P138: 0.13188048 | Q138: IMPNRGZ | S138: elc_wof_011 | T138: SaN | U138: 0.12892217 | V138: IMPNRGZ
... I190: elc_spv_015 | J190: WaP | K190: 0.052596178 | L190: IMPNRGZ | N190: elc_won_015 | O190: WaP | P190: 0.023803314 | Q190: IMPNRGZ | S190: elc_wof_015 | T190: WaP | U190: 0.021161272 | V190: IMPNRGZ
I191: elc_spv_016 | J191: FaD | K191: 0.26157996 | L191: IMPNRGZ | S191: elc_wof_016 | T191: FaD | U191: 0.11393795 | V191: IMPNRGZ
I192: elc_spv_016 | J192: FaN | K192: 0.0048391512 | L192: IMPNRGZ | S192: elc_wof_016 | T192: FaN | U192: 0.11061795 | V192: IMPNRGZ
I193: elc_spv_016 | J193: FaP | K193: 0.02779366 | L193: IMPNRGZ | S193: elc_wof_016 | T193: FaP | U193: 0.02036492 | V193: IMPNRGZ
I194: elc_spv_016 | J194: RaD | K194: 0.17073859 | L194: IMPNRGZ | S194: elc_wof_016 | T194: RaD | U194: 0.12126109 | V194: IMPNRGZ
I195: elc_spv_016 | J195: RaN | K195: 0 | L195: IMPNRGZ | S195: elc_wof_016 | T195: RaN | U195: 0.12015191 | V195: IMPNRGZ
I196: elc_spv_016 | J196: RaP | K196: 0.013147306 | L196: IMPNRGZ | S196: elc_wof_016 | T196: RaP | U196: 0.021608043 | V196: IMPNRGZ
I197: elc_spv_016 | J197: SaD | K197: 0.10663352 | L197: IMPNRGZ | S197: elc_wof_016 | T197: SaD | U197: 0.11853615 | V197: IMPNRGZ
I198: elc_spv_016 | J198: SaN | K198: 0 | L198: IMPNRGZ | S198: elc_wof_016 | T198: SaN | U198: 0.1175227 | V198: IMPNRGZ
I199: elc_spv_016 | J199: SaP | K199: 0.002861989 | L199: IMPNRGZ | S199: elc_wof_016 | T199: SaP | U199: 0.020767176 | V199: IMPNRGZ
I200: elc_spv_016 | J200: WaD | K200: 0.34748181 | L200: IMPNRGZ | S200: elc_wof_016 | T200: WaD | U200: 0.10819355 | V200: IMPNRGZ
I201: elc_spv_016 | J201: WaN | K201: 0.01598349 | L201: IMPNRGZ | S201: elc_wof_016 | T201: WaN | U201: 0.10706986 | V201: IMPNRGZ
I202: elc_spv_016 | J202: WaP | K202: 0.048940514 | L202: IMPNRGZ | S202: elc_wof_016 | T202: WaP | U202: 0.019968692 | V202: IMPNRGZ
S203: elc_wof_017 | T203: FaD | U203: 0.11788399 | V203: IMPNRGZ
S204: elc_wof_017 | T204: FaN | U204: 0.11568048 | V204: IMPNRGZ
S205: elc_wof_017 | T205: FaP | U205: 0.020641236 | V205: IMPNRGZ
S206: elc_wof_017 | T206: RaD | U206: 0.11076503 | V206: IMPNRGZ
S207: elc_wof_017 | T207: RaN | U207: 0.10901163 | V207: IMPNRGZ
S208: elc_wof_017 | T208: RaP | U208: 0.020416005 | V208: IMPNRGZ
S209: elc_wof_017 | T209: SaD | U209: 0.1152615 | V209: IMPNRGZ
S210: elc_wof_017 | T210: SaN | U210: 0.11592443 | V210: IMPNRGZ
S211: elc_wof_017 | T211: SaP | U211: 0.020723464 | V211: IMPNRGZ
S212: elc_wof_017 | T212: WaD | U212: 0.11671044 | V212: IMPNRGZ
S213: elc_wof_017 | T213: WaN | U213: 0.11594236 | V213: IMPNRGZ
S214: elc_wof_017 | T214: WaP | U214: 0.02103943 | V214: IMPNRGZ
... S406: elc_wof_033 | T406: WaP | U406: 0.021913627 | V406: IMPNRGZ
